EU_Sales,,,,,,
0.01,,,,,,
0,,,,,,
0.02,,,,,,
0.01,,,,,,
0,,,,,,
1.27,,,,,,
0.37,,,,,,
0.03,,,,,,
0.04,,,,,,
0.16,,,,,,
0.07,,,,,,
0.01,,,,,,
0.25,,,,,,
0.12,,,,,,
0.07,,,,,,
0.46,,,,,,
0.01,,,,,,
0.06,,,,,,
0.01,,,,,,
0.03,,,,,,
0,,,,,,
0.22,,,,,,
0,,,,,,
0.13,,,,,,
0.22,,,,,,
0,,,,,,
0.06,,,,,,
0.02,,,,,,
0.15,,,,,,
0.43,,,,,,
0.92,,,,,,
0.03,,,,,,
0.02,,,,,,
1.21,,,,,,
0.02,,,,,,
0.03,,,,,,
0.12,,,,,,
0.01,,,,,,
0,,,,,,
0.12,,,,,,
0.08,,,,,,
0.1,,,,,,
0.05,,,,,,
0.03,,,,,,
0.34,,,,,,
0.35,,,,,,
0.47,,,,,,
0.58,,,,,,
0,,,,,,
0.07,,,,,,
0.05,,,,,,
0.34,,,,,,
0,,,,,,
0.02,,,,,,
0,,,,,,
0.02,,,,,,
0.2,,,,,,
1.77,,,,,,
0.04,,,,,,
0.03,,,,,,
0.27,,,,,,
0.2,,,,,,
2.48,,,,,,
0.09,,,,,,
0.15,,,,,,
0.01,,,,,,
0.02,,,,,,
0.03,,,,,,
0.4,,,,,,
1.34,,,,,,
0.02,,,,,,
1.85,,,,,,
0.42,,,,,,
0.02,,,,,,
0.01,,,,,,
0.01,,,,,,
0.52,,,,,,
0.01,,,,,,
0.01,,,,,,
0.06,,,,,,
0.39,,,,,,
0.22,,,,,,
0.02,,,,,,
0.08,,,,,,
0.19,,,,,,
0.13,,,,,,
0,,,,,,
0,,,,,,
0.06,,,,,,
0.41,,,,,,
0.52,,,,,,
0.49,,,,,,
0.05,,,,,,
0.03,,,,,,
0.16,,,,,,
0.1,,,,,,
0.02,,,,,,
1.2,,,,,,
0.06,,,,,,
0.02,,,,,,
0,,,,,,
0.08,,,,,,
0.12,,,,,,
0.11,,,,,,
0.32,,,,,,
5.49,,,,,,
0.08,,,,,,
0.11,,,,,,
0.12,,,,,,
4.89,,,,,,
0.23,,,,,,
0.01,,,,,,
1.1,,,,,,
0.07,,,,,,
0.02,,,,,,
0,,,,,,
0.04,,,,,,
0.01,,,,,,
0.1,,,,,,
0,,,,,,
0.79,,,,,,
0,,,,,,
0.04,,,,,,
0.07,,,,,,
0.03,,,,,,
0.01,,,,,,
0.01,,,,,,
0.01,,,,,,
0.89,,,,,,
0,,,,,,
0.15,,,,,,
0.01,,,,,,
0.19,,,,,,
0.01,,,,,,
0.01,,,,,,
0.11,,,,,,
0.23,,,,,,
0.02,,,,,,
0.16,,,,,,
0.02,,,,,,
0.1,,,,,,
0.23,,,,,,
0.1,,,,,,
0.08,,,,,,
0.02,,,,,,
0,,,,,,
1.52,,,,,,
0.01,,,,,,
0.25,,,,,,
0.25,,,,,,
0.04,,,,,,
0.01,,,,,,
0.06,,,,,,
0.74,,,,,,
0.02,,,,,,
0.03,,,,,,
0.34,,,,,,
0.01,,,,,,
0.13,,,,,,
0.06,,,,,,
0.09,,,,,,
0,,,,,,
0.09,,,,,,
4.24,,,,,,
0.01,,,,,,
0.03,,,,,,
0.16,,,,,,
1.04,,,,,,
0.08,,,,,,
0.11,,,,,,
0.18,,,,,,
0.15,,,,,,
0.1,,,,,,
0.14,,,,,,
0,,,,,,
0.04,,,,,,
0.01,,,,,,
0.24,,,,,,
0.02,,,,,,
0.14,,,,,,
0.01,,,,,,
0,,,,,,
2.01,,,,,,
0.04,,,,,,
0.03,,,,,,
0.1,,,,,,
0.03,,,,,,
0.06,,,,,,
0.21,,,,,,
0.08,,,,,,
0.02,,,,,,
0.01,,,,,,
0.72,,,,,,
0.27,,,,,,
0.06,,,,,,
0.23,,,,,,
0.03,,,,,,
0.02,,,,,,
0.02,,,,,,
0.11,,,,,,
0.14,,,,,,
0.18,,,,,,
0.02,,,,,,
0.01,,,,,,
0.36,,,,,,
0.2,,,,,,
0,,,,,,
0.02,,,,,,
0.01,,,,,,
0.01,,,,,,
0.86,,,,,,
0,,,,,,
0.17,,,,,,
0.02,,,,,,
0.11,,,,,,
0.03,,,,,,
0,,,,,,
0.02,,,,,,
0.12,,,,,,
0,,,,,,
0.01,,,,,,
0.11,,,,,,
0.22,,,,,,
0,,,,,,
0.04,,,,,,
0.27,,,,,,
0.45,,,,,,
0.21,,,,,,
0.23,,,,,,
0,,,,,,
0.15,,,,,,
0.02,,,,,,
0,,,,,,
0.07,,,,,,
0.38,,,,,,
0.05,,,,,,
0.07,,,,,,
0.18,,,,,,
0,,,,,,
1.43,,,,,,
0.05,,,,,,
0.03,,,,,,
2.11,,,,,,
0.12,,,,,,
0.17,,,,,,
0.05,,,,,,
0.1,,,,,,
0.01,,,,,,
0.02,,,,,,
0.01,,,,,,
0,,,,,,
0.04,,,,,,
0.18,,,,,,
0.05,,,,,,
0.39,,,,,,
0.26,,,,,,
0.07,,,,,,
0.23,,,,,,
0.03,,,,,,
0.02,,,,,,
0.01,,,,,,
0.02,,,,,,
0.06,,,,,,
0,,,,,,
0.15,,,,,,
1.33,,,,,,
0.02,,,,,,
0.62,,,,,,
0.64,,,,,,
0.4,,,,,,
0.03,,,,,,
1.1,,,,,,
0.16,,,,,,
0.76,,,,,,
0.04,,,,,,
0.35,,,,,,
0.07,,,,,,
0.08,,,,,,
1.01,,,,,,
0,,,,,,
1.33,,,,,,
0.05,,,,,,
0.01,,,,,,
0,,,,,,
0.02,,,,,,
0.01,,,,,,
0.77,,,,,,
0.21,,,,,,
0.05,,,,,,
0,,,,,,
0.06,,,,,,
0.08,,,,,,
0.5,,,,,,
0.09,,,,,,
0.04,,,,,,
0.01,,,,,,
0.14,,,,,,
0.12,,,,,,
0.21,,,,,,
0.2,,,,,,
0.02,,,,,,
0.02,,,,,,
0.04,,,,,,
0.01,,,,,,
0.02,,,,,,
0,,,,,,
1.51,,,,,,
0.02,,,,,,
0.19,,,,,,
0,,,,,,
0.31,,,,,,
0.02,,,,,,
0.02,,,,,,
0.02,,,,,,
1.06,,,,,,
0.25,,,,,,
0.29,,,,,,
0.03,,,,,,
1.02,,,,,,
0.12,,,,,,
0.11,,,,,,
0,,,,,,
0.83,,,,,,
0.42,,,,,,
0.05,,,,,,
0.12,,,,,,
0.66,,,,,,
0.03,,,,,,
0.07,,,,,,
0.14,,,,,,
0.19,,,,,,
0.07,,,,,,
0,,,,,,
0.02,,,,,,
0.27,,,,,,
0.04,,,,,,
0.19,,,,,,
0.15,,,,,,
0.41,,,,,,
0.13,,,,,,
0.51,,,,,,
0.08,,,,,,
0.03,,,,,,
0.04,,,,,,
0.03,,,,,,
0.04,,,,,,
0.13,,,,,,
0.6,,,,,,
0.09,,,,,,
0.01,,,,,,
0.13,,,,,,
0.21,,,,,,
0.11,,,,,,
0.02,,,,,,
1.01,,,,,,
0.11,,,,,,
0.01,,,,,,
0.51,,,,,,
0.04,,,,,,
0.04,,,,,,
0.75,,,,,,
2.85,,,,,,
0,,,,,,
0,,,,,,
0.05,,,,,,
0.01,,,,,,
0.15,,,,,,
0.02,,,,,,
0.14,,,,,,
0,,,,,,
0.53,,,,,,
0.13,,,,,,
0.84,,,,,,
0.24,,,,,,
0.44,,,,,,
0.57,,,,,,
0.08,,,,,,
0.26,,,,,,
0.17,,,,,,
0.6,,,,,,
0.01,,,,,,
0.02,,,,,,
0.57,,,,,,
0,,,,,,
0.1,,,,,,
0.02,,,,,,
0.22,,,,,,
0.16,,,,,,
0.82,,,,,,
0.22,,,,,,
1.13,,,,,,
0,,,,,,
0.13,,,,,,
0.36,,,,,,
6.12,,,,,,
0.35,,,,,,
0.05,,,,,,
0.27,,,,,,
0.25,,,,,,
0.02,,,,,,
0.01,,,,,,
0.02,,,,,,
0.05,,,,,,
0.1,,,,,,
0.09,,,,,,
0,,,,,,
0.03,,,,,,
0.02,,,,,,
0.07,,,,,,
0.22,,,,,,
0.49,,,,,,
0,,,,,,
0.03,,,,,,
0.13,,,,,,
0.21,,,,,,
0.12,,,,,,
0.08,,,,,,
1.27,,,,,,
0.15,,,,,,
0,,,,,,
0,,,,,,
0.27,,,,,,
0.88,,,,,,
0.01,,,,,,
0,,,,,,
1.26,,,,,,
0.59,,,,,,
0.13,,,,,,
0.27,,,,,,
0,,,,,,
0.05,,,,,,
0.17,,,,,,
0.08,,,,,,
0.33,,,,,,
0.54,,,,,,
0.04,,,,,,
0.03,,,,,,
0.03,,,,,,
0.06,,,,,,
0,,,,,,
0,,,,,,
0.48,,,,,,
0.11,,,,,,
0.03,,,,,,
0.1,,,,,,
0.32,,,,,,
0.01,,,,,,
0.1,,,,,,
0.03,,,,,,
0.01,,,,,,
0.01,,,,,,
0.29,,,,,,
0.01,,,,,,
0.4,,,,,,
0.01,,,,,,
0.01,,,,,,
2.5,,,,,,
0.53,,,,,,
0.14,,,,,,
0.02,,,,,,
0.02,,,,,,
0.39,,,,,,
0.02,,,,,,
0.51,,,,,,
0,,,,,,
0.01,,,,,,
0,,,,,,
0,,,,,,
0.24,,,,,,
0.2,,,,,,
0.01,,,,,,
0.11,,,,,,
0,,,,,,
0,,,,,,
0.62,,,,,,
0,,,,,,
0.07,,,,,,
0.02,,,,,,
0.06,,,,,,
0.33,,,,,,
0.01,,,,,,
0.27,,,,,,
0.08,,,,,,
0.01,,,,,,
0.01,,,,,,
0.45,,,,,,
0.11,,,,,,
0,,,,,,
0.56,,,,,,
0.6,,,,,,
1.72,,,,,,
0.11,,,,,,
0.44,,,,,,
0.15,,,,,,
0.09,,,,,,
0.01,,,,,,
0.12,,,,,,
0.09,,,,,,
0.04,,,,,,
0.06,,,,,,
0,,,,,,
0.33,,,,,,
0.33,,,,,,
0.08,,,,,,
0.08,,,,,,
0.77,,,,,,
0.02,,,,,,
0.18,,,,,,
0.02,,,,,,
0,,,,,,
0,,,,,,
0.5,,,,,,
0.07,,,,,,
0.05,,,,,,
0.01,,,,,,
0.52,,,,,,
0.12,,,,,,
0,,,,,,
0.02,,,,,,
1.24,,,,,,
0.09,,,,,,
0.63,,,,,,
0.07,,,,,,
0.01,,,,,,
0.03,,,,,,
0.02,,,,,,
0.02,,,,,,
0.12,,,,,,
0.05,,,,,,
0.32,,,,,,
0.02,,,,,,
0.66,,,,,,
0,,,,,,
0.23,,,,,,
0.09,,,,,,
0.03,,,,,,
0.08,,,,,,
0,,,,,,
0.56,,,,,,
0.01,,,,,,
0.02,,,,,,
0.08,,,,,,
0.33,,,,,,
0,,,,,,
0.2,,,,,,
0.09,,,,,,
0.06,,,,,,
0.21,,,,,,
0.12,,,,,,
0,,,,,,
5.35,,,,,,
0,,,,,,
1.21,,,,,,
0.03,,,,,,
0.05,,,,,,
1.12,,,,,,
0.01,,,,,,
0.08,,,,,,
0.23,,,,,,
0.01,,,,,,
0.03,,,,,,
0.06,,,,,,
0.72,,,,,,
0.45,,,,,,
0.02,,,,,,
0.03,,,,,,
0,,,,,,
0.02,,,,,,
0.03,,,,,,
0.22,,,,,,
0.36,,,,,,
0.02,,,,,,
0,,,,,,
0,,,,,,
0,,,,,,
0.25,,,,,,
0.03,,,,,,
0,,,,,,
0.34,,,,,,
0.4,,,,,,
0.07,,,,,,
0.01,,,,,,
0.03,,,,,,
0.03,,,,,,
0.05,,,,,,
0.55,,,,,,
0.11,,,,,,
0.39,,,,,,
0.66,,,,,,
0.33,,,,,,
0.01,,,,,,
0.04,,,,,,
0.54,,,,,,
3.87,,,,,,
0.16,,,,,,
3.42,,,,,,
0.03,,,,,,
0,,,,,,
0.47,,,,,,
0.05,,,,,,
0.04,,,,,,
0.2,,,,,,
0,,,,,,
0.27,,,,,,
0.02,,,,,,
0,,,,,,
0.04,,,,,,
0.06,,,,,,
0.15,,,,,,
4.37,,,,,,
0.25,,,,,,
2.35,,,,,,
0.5,,,,,,
0.02,,,,,,
0.04,,,,,,
2,,,,,,
0.11,,,,,,
0.12,,,,,,
0.08,,,,,,
0.04,,,,,,
0.16,,,,,,
0.16,,,,,,
0.01,,,,,,
0.06,,,,,,
0,,,,,,
0.01,,,,,,
0.06,,,,,,
0.03,,,,,,
0.12,,,,,,
0,,,,,,
0.28,,,,,,
0.32,,,,,,
0.01,,,,,,
0.05,,,,,,
0.04,,,,,,
0.9,,,,,,
0.45,,,,,,
0,,,,,,
0,,,,,,
0.04,,,,,,
0.01,,,,,,
0.17,,,,,,
0.34,,,,,,
0.07,,,,,,
0.01,,,,,,
0.2,,,,,,
0.02,,,,,,
0.02,,,,,,
0.07,,,,,,
0.2,,,,,,
0.17,,,,,,
0.02,,,,,,
1.09,,,,,,
1.01,,,,,,
0.17,,,,,,
0.05,,,,,,
0.08,,,,,,
0.17,,,,,,
0.07,,,,,,
0.46,,,,,,
0.07,,,,,,
0.05,,,,,,
0,,,,,,
2.45,,,,,,
0.48,,,,,,
0.04,,,,,,
0.22,,,,,,
0.67,,,,,,
0.47,,,,,,
0,,,,,,
0.33,,,,,,
1.01,,,,,,
0.37,,,,,,
0.28,,,,,,
0.01,,,,,,
0.04,,,,,,
0.03,,,,,,
0,,,,,,
0,,,,,,
0.19,,,,,,
0,,,,,,
0.36,,,,,,
0.45,,,,,,
0.02,,,,,,
0.13,,,,,,
0.07,,,,,,
0,,,,,,
0.15,,,,,,
0.01,,,,,,
0.12,,,,,,
0.03,,,,,,
0.01,,,,,,
0.01,,,,,,
0.01,,,,,,
0.05,,,,,,
0.09,,,,,,
0.02,,,,,,
0,,,,,,
0,,,,,,
0,,,,,,
0.23,,,,,,
0.08,,,,,,
0.77,,,,,,
0,,,,,,
0.08,,,,,,
0.06,,,,,,
0,,,,,,
0.07,,,,,,
0.09,,,,,,
0,,,,,,
0.1,,,,,,
0.96,,,,,,
3.02,,,,,,
0.21,,,,,,
0.12,,,,,,
0.05,,,,,,
0.02,,,,,,
0,,,,,,
0.28,,,,,,
2,,,,,,
0.03,,,,,,
0.1,,,,,,
0.55,,,,,,
0.03,,,,,,
0.04,,,,,,
0.02,,,,,,
1.16,,,,,,
0.01,,,,,,
0.02,,,,,,
0.14,,,,,,
1.14,,,,,,
0.32,,,,,,
0.34,,,,,,
0.03,,,,,,
0.04,,,,,,
0.1,,,,,,
0.02,,,,,,
0.07,,,,,,
0.46,,,,,,
0.3,,,,,,
0.17,,,,,,
0.01,,,,,,
0.07,,,,,,
0.02,,,,,,
0.02,,,,,,
0.05,,,,,,
0.01,,,,,,
0.48,,,,,,
0.13,,,,,,
0,,,,,,
1.31,,,,,,
0,,,,,,
1.06,,,,,,
1.11,,,,,,
0.14,,,,,,
0.03,,,,,,
0,,,,,,
0.36,,,,,,
0.02,,,,,,
0.03,,,,,,
0.5,,,,,,
0.21,,,,,,
0.58,,,,,,
0.01,,,,,,
0,,,,,,
0.09,,,,,,
0.01,,,,,,
0,,,,,,
1.71,,,,,,
0.01,,,,,,
0.07,,,,,,
0.13,,,,,,
0.05,,,,,,
0.18,,,,,,
0.02,,,,,,
0.02,,,,,,
0,,,,,,
0.63,,,,,,
0.21,,,,,,
0,,,,,,
0.01,,,,,,
0.04,,,,,,
0.02,,,,,,
0.02,,,,,,
0.15,,,,,,
0.12,,,,,,
0.05,,,,,,
0.06,,,,,,
0.06,,,,,,
0.15,,,,,,
0.77,,,,,,
0.9,,,,,,
0.33,,,,,,
0.03,,,,,,
0.14,,,,,,
0.01,,,,,,
0.02,,,,,,
0.15,,,,,,
0.9,,,,,,
0.55,,,,,,
0.24,,,,,,
0.43,,,,,,
0.1,,,,,,
0.14,,,,,,
1.17,,,,,,
1.39,,,,,,
0.93,,,,,,
0.13,,,,,,
0.03,,,,,,
1.83,,,,,,
0.01,,,,,,
0.4,,,,,,
0.02,,,,,,
0.16,,,,,,
0,,,,,,
0.01,,,,,,
0.22,,,,,,
0.01,,,,,,
0,,,,,,
1.08,,,,,,
0,,,,,,
0.04,,,,,,
0,,,,,,
0.35,,,,,,
0,,,,,,
0.47,,,,,,
0,,,,,,
0.01,,,,,,
0.02,,,,,,
0.01,,,,,,
0.05,,,,,,
0.24,,,,,,
0.03,,,,,,
0.06,,,,,,
0.01,,,,,,
0.23,,,,,,
0.03,,,,,,
0,,,,,,
0.01,,,,,,
0,,,,,,
0.06,,,,,,
0.03,,,,,,
0,,,,,,
0.08,,,,,,
0,,,,,,
0.32,,,,,,
1.65,,,,,,
0,,,,,,
0.67,,,,,,
0.25,,,,,,
0.02,,,,,,
0.08,,,,,,
0.01,,,,,,
0.03,,,,,,
0.08,,,,,,
0,,,,,,
0.72,,,,,,
0,,,,,,
0,,,,,,
0.17,,,,,,
0.01,,,,,,
0.07,,,,,,
0.07,,,,,,
0.46,,,,,,
0,,,,,,
0.02,,,,,,
0.02,,,,,,
0.03,,,,,,
0,,,,,,
0.03,,,,,,
0.07,,,,,,
0,,,,,,
0,,,,,,
0.42,,,,,,
0,,,,,,
0.13,,,,,,
0.13,,,,,,
0.05,,,,,,
1.55,,,,,,
0.04,,,,,,
0.02,,,,,,
0.06,,,,,,
0.02,,,,,,
0.39,,,,,,
0.06,,,,,,
0.1,,,,,,
0.2,,,,,,
0.01,,,,,,
0,,,,,,
0.23,,,,,,
0.05,,,,,,
0.17,,,,,,
0.02,,,,,,
0.06,,,,,,
0,,,,,,
0.36,,,,,,
0,,,,,,
0.23,,,,,,
0.18,,,,,,
0.08,,,,,,
0.67,,,,,,
2.81,,,,,,
0.03,,,,,,
0.03,,,,,,
0.07,,,,,,
0.22,,,,,,
0.12,,,,,,
1.26,,,,,,
0.34,,,,,,
0,,,,,,
0.09,,,,,,
0,,,,,,
0.01,,,,,,
1.02,,,,,,
0.02,,,,,,
0.11,,,,,,
0.03,,,,,,
0.11,,,,,,
0,,,,,,
0.02,,,,,,
0,,,,,,
0.04,,,,,,
0.05,,,,,,
0.04,,,,,,
0,,,,,,
0.01,,,,,,
0.01,,,,,,
0.3,,,,,,
0.08,,,,,,
0.09,,,,,,
0.02,,,,,,
0,,,,,,
0.01,,,,,,
1.2,,,,,,
0.15,,,,,,
0.07,,,,,,
0.03,,,,,,
0.02,,,,,,
0.01,,,,,,
0.37,,,,,,
3.27,,,,,,
0.18,,,,,,
0.11,,,,,,
0.02,,,,,,
0.02,,,,,,
0.01,,,,,,
0.24,,,,,,
0.02,,,,,,
0.34,,,,,,
0.17,,,,,,
0.17,,,,,,
0.02,,,,,,
0.56,,,,,,
0.08,,,,,,
0.18,,,,,,
1.08,,,,,,
0.04,,,,,,
0.01,,,,,,
0,,,,,,
0.27,,,,,,
0.02,,,,,,
0.02,,,,,,
0.01,,,,,,
0.02,,,,,,
0.01,,,,,,
0,,,,,,
0,,,,,,
0.05,,,,,,
1.14,,,,,,
0.08,,,,,,
0.03,,,,,,
0.04,,,,,,
0.01,,,,,,
0.17,,,,,,
0.02,,,,,,
0.34,,,,,,
0.08,,,,,,
0.09,,,,,,
0,,,,,,
0.05,,,,,,
0.18,,,,,,
0.05,,,,,,
0.29,,,,,,
0.08,,,,,,
0,,,,,,
0.16,,,,,,
0.02,,,,,,
0.02,,,,,,
0.01,,,,,,
1.57,,,,,,
0.01,,,,,,
0.89,,,,,,
0.03,,,,,,
0.52,,,,,,
0.36,,,,,,
0.03,,,,,,
0.05,,,,,,
0.05,,,,,,
0.03,,,,,,
0.08,,,,,,
0.01,,,,,,
0.09,,,,,,
0.01,,,,,,
0.1,,,,,,
0.03,,,,,,
0.83,,,,,,
0.17,,,,,,
0.07,,,,,,
0.18,,,,,,
0.18,,,,,,
0.05,,,,,,
0.28,,,,,,
0.2,,,,,,
0,,,,,,
0,,,,,,
0.45,,,,,,
0.05,,,,,,
0.03,,,,,,
0.18,,,,,,
0.73,,,,,,
0.04,,,,,,
0,,,,,,
0.09,,,,,,
0.06,,,,,,
0.02,,,,,,
0.09,,,,,,
0.7,,,,,,
0,,,,,,
0,,,,,,
0.49,,,,,,
0.47,,,,,,
0.11,,,,,,
0,,,,,,
0.17,,,,,,
0,,,,,,
0.04,,,,,,
0.57,,,,,,
0.12,,,,,,
0.01,,,,,,
0.03,,,,,,
0.02,,,,,,
0.15,,,,,,
6.42,,,,,,
0.23,,,,,,
0.15,,,,,,
1.79,,,,,,
0.21,,,,,,
0.01,,,,,,
0.01,,,,,,
0.2,,,,,,
1.29,,,,,,
0.1,,,,,,
0.16,,,,,,
0.13,,,,,,
0.15,,,,,,
0.49,,,,,,
0.03,,,,,,
0.08,,,,,,
0,,,,,,
0.19,,,,,,
0.01,,,,,,
0.03,,,,,,
0.01,,,,,,
0.04,,,,,,
0.32,,,,,,
0.02,,,,,,
0.02,,,,,,
0.02,,,,,,
0.06,,,,,,
0.23,,,,,,
0.11,,,,,,
0,,,,,,
0,,,,,,
0.01,,,,,,
0.02,,,,,,
0.07,,,,,,
0.03,,,,,,
0.01,,,,,,
0.03,,,,,,
0.1,,,,,,
0.06,,,,,,
0.21,,,,,,
0,,,,,,
0,,,,,,
0.03,,,,,,
0.67,,,,,,
0.19,,,,,,
0.03,,,,,,
1.7,,,,,,
0.08,,,,,,
0.21,,,,,,
0,,,,,,
0.02,,,,,,
0.06,,,,,,
0.01,,,,,,
0,,,,,,
0.07,,,,,,
1.47,,,,,,
0.32,,,,,,
0.02,,,,,,
0.22,,,,,,
0.02,,,,,,
0.45,,,,,,
0.08,,,,,,
0.48,,,,,,
0.03,,,,,,
0,,,,,,
0.1,,,,,,
0.28,,,,,,
0.28,,,,,,
0.05,,,,,,
0.6,,,,,,
0.39,,,,,,
0,,,,,,
0,,,,,,
0.56,,,,,,
0.03,,,,,,
0.26,,,,,,
0.06,,,,,,
0.16,,,,,,
0.83,,,,,,
0.03,,,,,,
0.15,,,,,,
0.24,,,,,,
0.01,,,,,,
0.28,,,,,,
0.63,,,,,,
0.02,,,,,,
0.04,,,,,,
0.28,,,,,,
0.49,,,,,,
1.38,,,,,,
0.18,,,,,,
0.01,,,,,,
0.11,,,,,,
0.02,,,,,,
0.01,,,,,,
0.08,,,,,,
0.18,,,,,,
0.56,,,,,,
0.25,,,,,,
0.05,,,,,,
0.02,,,,,,
0.04,,,,,,
0.02,,,,,,
0.08,,,,,,
0.54,,,,,,
0.42,,,,,,
0,,,,,,
0,,,,,,
0,,,,,,
0.08,,,,,,
0.03,,,,,,
0.45,,,,,,
0.05,,,,,,
0.03,,,,,,
0.02,,,,,,
0.39,,,,,,
0.27,,,,,,
0.59,,,,,,
0.05,,,,,,
0.3,,,,,,
0.01,,,,,,
0.03,,,,,,
0,,,,,,
0.15,,,,,,
0.1,,,,,,
0.01,,,,,,
0.01,,,,,,
0.03,,,,,,
0.01,,,,,,
0.34,,,,,,
1.89,,,,,,
0.15,,,,,,
0.34,,,,,,
0,,,,,,
0.08,,,,,,
0.11,,,,,,
0.02,,,,,,
0.16,,,,,,
0.68,,,,,,
0.02,,,,,,
0.09,,,,,,
0.04,,,,,,
0.07,,,,,,
0.22,,,,,,
0.02,,,,,,
0,,,,,,
0.17,,,,,,
1.4,,,,,,
0.13,,,,,,
0.36,,,,,,
0.02,,,,,,
0,,,,,,
0.1,,,,,,
0.3,,,,,,
0.6,,,,,,
1,,,,,,
0.06,,,,,,
0.07,,,,,,
0.16,,,,,,
0.06,,,,,,
0.14,,,,,,
0.06,,,,,,
0.08,,,,,,
0.03,,,,,,
0.02,,,,,,
0,,,,,,
0.04,,,,,,
0.04,,,,,,
0.19,,,,,,
0.14,,,,,,
0.03,,,,,,
0.3,,,,,,
0.16,,,,,,
0.08,,,,,,
0,,,,,,
0,,,,,,
0.03,,,,,,
2.14,,,,,,
0,,,,,,
0.45,,,,,,
0.81,,,,,,
0.61,,,,,,
0.05,,,,,,
0,,,,,,
0,,,,,,
0.09,,,,,,
0.02,,,,,,
0.16,,,,,,
0.16,,,,,,
0.02,,,,,,
0.16,,,,,,
0,,,,,,
0.04,,,,,,
0.27,,,,,,
0,,,,,,
0.02,,,,,,
0.17,,,,,,
0.2,,,,,,
0.54,,,,,,
0.29,,,,,,
0.33,,,,,,
0.01,,,,,,
0.24,,,,,,
0.02,,,,,,
0.03,,,,,,
0,,,,,,
0.38,,,,,,
0,,,,,,
0,,,,,,
0.12,,,,,,
0.03,,,,,,
0,,,,,,
0.47,,,,,,
0.03,,,,,,
0.05,,,,,,
0.04,,,,,,
0.03,,,,,,
0,,,,,,
1.03,,,,,,
0.12,,,,,,
0.01,,,,,,
1.12,,,,,,
0.3,,,,,,
0.05,,,,,,
0.05,,,,,,
0.02,,,,,,
0.66,,,,,,
0.42,,,,,,
2.36,,,,,,
0.13,,,,,,
0.01,,,,,,
0.29,,,,,,
0.69,,,,,,
0,,,,,,
0.49,,,,,,
0.26,,,,,,
0.08,,,,,,
0.05,,,,,,
0.14,,,,,,
0.12,,,,,,
0.03,,,,,,
0.03,,,,,,
0.1,,,,,,
0.37,,,,,,
0.21,,,,,,
0.15,,,,,,
0.21,,,,,,
0.14,,,,,,
0.4,,,,,,
1.08,,,,,,
0.02,,,,,,
0.04,,,,,,
0.01,,,,,,
0.05,,,,,,
0.01,,,,,,
0.14,,,,,,
0.02,,,,,,
0.04,,,,,,
0.04,,,,,,
0.03,,,,,,
0.02,,,,,,
0.05,,,,,,
0.08,,,,,,
0.06,,,,,,
0.09,,,,,,
0.07,,,,,,
0.54,,,,,,
0,,,,,,
1.31,,,,,,
0,,,,,,
0,,,,,,
0,,,,,,
0.08,,,,,,
0.62,,,,,,
0.07,,,,,,
0.25,,,,,,
0.18,,,,,,
0.2,,,,,,
0.23,,,,,,
0.13,,,,,,
0.02,,,,,,
0.25,,,,,,
0.04,,,,,,
0.35,,,,,,
0.02,,,,,,
0.17,,,,,,
0.01,,,,,,
0.12,,,,,,
0.14,,,,,,
0.02,,,,,,
0.06,,,,,,
0.44,,,,,,
0,,,,,,
0.01,,,,,,
2.8,,,,,,
0.05,,,,,,
0.1,,,,,,
0.04,,,,,,
0.05,,,,,,
0.01,,,,,,
0.02,,,,,,
0.43,,,,,,
0,,,,,,
0.07,,,,,,
0.2,,,,,,
0.18,,,,,,
0.09,,,,,,
0.04,,,,,,
0.15,,,,,,
0.02,,,,,,
0.03,,,,,,
0.31,,,,,,
0.44,,,,,,
0.07,,,,,,
2.01,,,,,,
0.04,,,,,,
0,,,,,,
0.12,,,,,,
0.44,,,,,,
0.8,,,,,,
0.07,,,,,,
0.1,,,,,,
0.12,,,,,,
0.05,,,,,,
0.04,,,,,,
0.42,,,,,,
0.02,,,,,,
0.45,,,,,,
0.14,,,,,,
2.07,,,,,,
0.08,,,,,,
0.03,,,,,,
0,,,,,,
0,,,,,,
0.04,,,,,,
0,,,,,,
0.27,,,,,,
0.07,,,,,,
0.87,,,,,,
0.01,,,,,,
0,,,,,,
0.11,,,,,,
0,,,,,,
0,,,,,,
0.45,,,,,,
0.03,,,,,,
0.04,,,,,,
0.13,,,,,,
0.06,,,,,,
0,,,,,,
0,,,,,,
0.29,,,,,,
0.04,,,,,,
0,,,,,,
0.01,,,,,,
0,,,,,,
0,,,,,,
0.01,,,,,,
0.04,,,,,,
0,,,,,,
0.01,,,,,,
0.16,,,,,,
0.34,,,,,,
0.02,,,,,,
0.03,,,,,,
0,,,,,,
0,,,,,,
0.01,,,,,,
0.24,,,,,,
0.2,,,,,,
0.12,,,,,,
0,,,,,,
0.34,,,,,,
0,,,,,,
0.89,,,,,,
0,,,,,,
0.46,,,,,,
0.19,,,,,,
0.02,,,,,,
0.22,,,,,,
0.35,,,,,,
0,,,,,,
0.02,,,,,,
9.2,,,,,,
0.5,,,,,,
0.05,,,,,,
0,,,,,,
0.01,,,,,,
0.38,,,,,,
0.02,,,,,,
0.01,,,,,,
0.02,,,,,,
0.17,,,,,,
0,,,,,,
0.12,,,,,,
0.38,,,,,,
0.09,,,,,,
0.07,,,,,,
0,,,,,,
0,,,,,,
0.01,,,,,,
0,,,,,,
0.01,,,,,,
0.05,,,,,,
0.08,,,,,,
0,,,,,,
0.92,,,,,,
0.26,,,,,,
0.05,,,,,,
0.01,,,,,,
0.17,,,,,,
0.1,,,,,,
0.89,,,,,,
0.1,,,,,,
0.02,,,,,,
0,,,,,,
0.1,,,,,,
0.03,,,,,,
0.08,,,,,,
0.05,,,,,,
0.08,,,,,,
0.06,,,,,,
0.02,,,,,,
0.01,,,,,,
0.02,,,,,,
0.03,,,,,,
0.06,,,,,,
0.01,,,,,,
0.04,,,,,,
0.13,,,,,,
0,,,,,,
0.23,,,,,,
0.01,,,,,,
0.1,,,,,,
0.06,,,,,,
0.2,,,,,,
0.09,,,,,,
0.33,,,,,,
0.05,,,,,,
0.03,,,,,,
0.31,,,,,,
0.03,,,,,,
1.64,,,,,,
0.06,,,,,,
0.03,,,,,,
0.02,,,,,,
0.3,,,,,,
0.06,,,,,,
0,,,,,,
0.03,,,,,,
0.03,,,,,,
0.04,,,,,,
0.08,,,,,,
0.53,,,,,,
0.04,,,,,,
0,,,,,,
0,,,,,,
0.36,,,,,,
0.03,,,,,,
1.56,,,,,,
0,,,,,,
0,,,,,,
0.01,,,,,,
0.01,,,,,,
0.01,,,,,,
0.01,,,,,,
1.58,,,,,,
0.05,,,,,,
0.18,,,,,,
0.02,,,,,,
0.02,,,,,,
0.03,,,,,,
0.08,,,,,,
0,,,,,,
0.09,,,,,,
0,,,,,,
0.04,,,,,,
0.03,,,,,,
0.72,,,,,,
0.12,,,,,,
0.04,,,,,,
0.04,,,,,,
0.01,,,,,,
0.02,,,,,,
1.51,,,,,,
0.12,,,,,,
0,,,,,,
0.37,,,,,,
0.03,,,,,,
0.41,,,,,,
0.01,,,,,,
0.58,,,,,,
0,,,,,,
0.09,,,,,,
0.02,,,,,,
0.02,,,,,,
0.04,,,,,,
0,,,,,,
0,,,,,,
0,,,,,,
0.05,,,,,,
0.14,,,,,,
0.95,,,,,,
0.02,,,,,,
0.18,,,,,,
0.01,,,,,,
0.81,,,,,,
0,,,,,,
0.06,,,,,,
0.06,,,,,,
0.04,,,,,,
0.05,,,,,,
0.01,,,,,,
0,,,,,,
0.04,,,,,,
0.02,,,,,,
0.01,,,,,,
0.17,,,,,,
0.08,,,,,,
0.05,,,,,,
0.75,,,,,,
0.08,,,,,,
0.03,,,,,,
0.02,,,,,,
1.89,,,,,,
0.65,,,,,,
0.62,,,,,,
2.28,,,,,,
0.02,,,,,,
0.05,,,,,,
0.02,,,,,,
0.27,,,,,,
0.05,,,,,,
0.04,,,,,,
0.01,,,,,,
0.74,,,,,,
0.15,,,,,,
0.79,,,,,,
0.66,,,,,,
0.02,,,,,,
0.04,,,,,,
0.53,,,,,,
0,,,,,,
0.2,,,,,,
0.01,,,,,,
0.03,,,,,,
0.02,,,,,,
0.14,,,,,,
0.01,,,,,,
0,,,,,,
0.01,,,,,,
0.01,,,,,,
0.11,,,,,,
0.37,,,,,,
0,,,,,,
0.16,,,,,,
0.02,,,,,,
0.71,,,,,,
0.02,,,,,,
0.01,,,,,,
0.24,,,,,,
0.69,,,,,,
0.04,,,,,,
0.18,,,,,,
0.14,,,,,,
0,,,,,,
0.37,,,,,,
0.22,,,,,,
0.02,,,,,,
0.07,,,,,,
0.53,,,,,,
0.12,,,,,,
0.06,,,,,,
0.02,,,,,,
0.03,,,,,,
0,,,,,,
0.04,,,,,,
0,,,,,,
0.09,,,,,,
0.02,,,,,,
0.2,,,,,,
0.48,,,,,,
0.02,,,,,,
0,,,,,,
0,,,,,,
0.04,,,,,,
0.04,,,,,,
0.03,,,,,,
0.02,,,,,,
0.67,,,,,,
0.01,,,,,,
1.47,,,,,,
0,,,,,,
1.12,,,,,,
0.09,,,,,,
0.13,,,,,,
0.15,,,,,,
0.94,,,,,,
0.01,,,,,,
0.03,,,,,,
2.22,,,,,,
0.23,,,,,,
0.03,,,,,,
0.1,,,,,,
0.59,,,,,,
0.12,,,,,,
0.03,,,,,,
0.02,,,,,,
0.83,,,,,,
1.95,,,,,,
0.01,,,,,,
0.02,,,,,,
0.07,,,,,,
0.02,,,,,,
0.11,,,,,,
0.06,,,,,,
0,,,,,,
0.3,,,,,,
0.03,,,,,,
0.02,,,,,,
0.1,,,,,,
0.07,,,,,,
0.2,,,,,,
0.39,,,,,,
0,,,,,,
1.22,,,,,,
0.02,,,,,,
0.02,,,,,,
0.02,,,,,,
0.11,,,,,,
0.06,,,,,,
0.13,,,,,,
0.13,,,,,,
0.04,,,,,,
0.02,,,,,,
0.15,,,,,,
0.33,,,,,,
0.44,,,,,,
0.04,,,,,,
1.08,,,,,,
0.12,,,,,,
0,,,,,,
0.26,,,,,,
0.11,,,,,,
0.03,,,,,,
0.04,,,,,,
0.08,,,,,,
0.13,,,,,,
0.16,,,,,,
0.02,,,,,,
0.46,,,,,,
0.15,,,,,,
0.03,,,,,,
0.05,,,,,,
0.32,,,,,,
0,,,,,,
0.13,,,,,,
1.79,,,,,,
0.02,,,,,,
0.01,,,,,,
0.01,,,,,,
0.19,,,,,,
0.01,,,,,,
0.1,,,,,,
0.12,,,,,,
0.02,,,,,,
0.18,,,,,,
0.04,,,,,,
0.18,,,,,,
0,,,,,,
0.64,,,,,,
0.27,,,,,,
0.03,,,,,,
0,,,,,,
0.01,,,,,,
0.13,,,,,,
0.02,,,,,,
0.06,,,,,,
0,,,,,,
0.04,,,,,,
0.38,,,,,,
0.03,,,,,,
0,,,,,,
0.11,,,,,,
0,,,,,,
0.02,,,,,,
0.09,,,,,,
0.01,,,,,,
0.31,,,,,,
0.01,,,,,,
0,,,,,,
0.08,,,,,,
0.06,,,,,,
0.01,,,,,,
0.74,,,,,,
0.01,,,,,,
0.02,,,,,,
0.18,,,,,,
0,,,,,,
2.29,,,,,,
0.53,,,,,,
0.05,,,,,,
0.02,,,,,,
0.22,,,,,,
0.04,,,,,,
0,,,,,,
2.23,,,,,,
0,,,,,,
0.04,,,,,,
0.15,,,,,,
5.75,,,,,,
0,,,,,,
0.01,,,,,,
0.17,,,,,,
0.02,,,,,,
0.98,,,,,,
0.12,,,,,,
0.11,,,,,,
0.03,,,,,,
0.02,,,,,,
0.02,,,,,,
0.04,,,,,,
0.64,,,,,,
0.02,,,,,,
0,,,,,,
0.29,,,,,,
0.27,,,,,,
0.02,,,,,,
0.02,,,,,,
0.79,,,,,,
0.09,,,,,,
0.65,,,,,,
0.01,,,,,,
0,,,,,,
0.25,,,,,,
0,,,,,,
0.18,,,,,,
0,,,,,,
0.29,,,,,,
0.24,,,,,,
0.09,,,,,,
1.39,,,,,,
0,,,,,,
0.37,,,,,,
0.02,,,,,,
0.37,,,,,,
0.02,,,,,,
0.01,,,,,,
0.13,,,,,,
0.12,,,,,,
0.17,,,,,,
0.02,,,,,,
0.01,,,,,,
0.51,,,,,,
0.02,,,,,,
0.33,,,,,,
0,,,,,,
0.03,,,,,,
0.31,,,,,,
0.15,,,,,,
2.89,,,,,,
0,,,,,,
0.04,,,,,,
0.11,,,,,,
0.01,,,,,,
0.05,,,,,,
0.06,,,,,,
0.29,,,,,,
0.06,,,,,,
1.33,,,,,,
0.05,,,,,,
0.34,,,,,,
0.01,,,,,,
0.21,,,,,,
0.11,,,,,,
0.15,,,,,,
0.01,,,,,,
0.1,,,,,,
1.13,,,,,,
0.14,,,,,,
0.05,,,,,,
0.01,,,,,,
0.27,,,,,,
0.07,,,,,,
0.42,,,,,,
0.02,,,,,,
0.15,,,,,,
0.08,,,,,,
0.05,,,,,,
0,,,,,,
0.01,,,,,,
0.48,,,,,,
0.33,,,,,,
1.03,,,,,,
0,,,,,,
0.71,,,,,,
0.14,,,,,,
0.09,,,,,,
0.01,,,,,,
0.03,,,,,,
0,,,,,,
0.01,,,,,,
1.03,,,,,,
0.34,,,,,,
1.11,,,,,,
0.26,,,,,,
0.11,,,,,,
0.05,,,,,,
0.02,,,,,,
0.04,,,,,,
0.05,,,,,,
0.1,,,,,,
0.02,,,,,,
0.1,,,,,,
0.2,,,,,,
0.21,,,,,,
0.01,,,,,,
0,,,,,,
0.02,,,,,,
0.01,,,,,,
0,,,,,,
4.33,,,,,,
0.1,,,,,,
0.62,,,,,,
0.03,,,,,,
0.71,,,,,,
0.06,,,,,,
0.02,,,,,,
0.01,,,,,,
0.36,,,,,,
0.32,,,,,,
0.19,,,,,,
0.01,,,,,,
0.82,,,,,,
0.22,,,,,,
0.31,,,,,,
0.23,,,,,,
0.1,,,,,,
0.12,,,,,,
0.44,,,,,,
1.6,,,,,,
0.04,,,,,,
0.1,,,,,,
0.04,,,,,,
0.07,,,,,,
0.01,,,,,,
0.12,,,,,,
0,,,,,,
0.03,,,,,,
0.22,,,,,,
0.43,,,,,,
0.06,,,,,,
0.01,,,,,,
0.04,,,,,,
0.04,,,,,,
0,,,,,,
0.01,,,,,,
0.19,,,,,,
0.09,,,,,,
0.04,,,,,,
0,,,,,,
0.26,,,,,,
0.14,,,,,,
0.03,,,,,,
0.08,,,,,,
0,,,,,,
0,,,,,,
0.07,,,,,,
0.08,,,,,,
0.26,,,,,,
1.13,,,,,,
0.02,,,,,,
0.01,,,,,,
0.15,,,,,,
0.43,,,,,,
0.05,,,,,,
0.01,,,,,,
0.02,,,,,,
0.09,,,,,,
0.48,,,,,,
0.02,,,,,,
0,,,,,,
0,,,,,,
0,,,,,,
0,,,,,,
0.01,,,,,,
0.13,,,,,,
0.11,,,,,,
0.69,,,,,,
0.04,,,,,,
1.85,,,,,,
0.09,,,,,,
0.78,,,,,,
0.02,,,,,,
0,,,,,,
0.04,,,,,,
0.61,,,,,,
0.03,,,,,,
3.28,,,,,,
0,,,,,,
0.05,,,,,,
0.03,,,,,,
0.05,,,,,,
0.8,,,,,,
0.09,,,,,,
0.02,,,,,,
0.64,,,,,,
0.45,,,,,,
0.03,,,,,,
0.04,,,,,,
0.1,,,,,,
1.01,,,,,,
0.08,,,,,,
0.09,,,,,,
0,,,,,,
0.43,,,,,,
0,,,,,,
0.3,,,,,,
0.05,,,,,,
0.09,,,,,,
0.02,,,,,,
0.03,,,,,,
0.19,,,,,,
0.73,,,,,,
0.13,,,,,,
0.03,,,,,,
0.13,,,,,,
0.04,,,,,,
0.01,,,,,,
0,,,,,,
0.03,,,,,,
0.03,,,,,,
0.48,,,,,,
0.02,,,,,,
0.02,,,,,,
0.47,,,,,,
0.02,,,,,,
0,,,,,,
0,,,,,,
0.25,,,,,,
0.02,,,,,,
0.05,,,,,,
0.97,,,,,,
0.13,,,,,,
0.56,,,,,,
0.07,,,,,,
0.02,,,,,,
0.01,,,,,,
1.82,,,,,,
0.01,,,,,,
0.15,,,,,,
2.39,,,,,,
0.02,,,,,,
0.45,,,,,,
0,,,,,,
0.04,,,,,,
0.02,,,,,,
0.01,,,,,,
0.02,,,,,,
0.06,,,,,,
0,,,,,,
0.26,,,,,,
0.14,,,,,,
0.01,,,,,,
0.06,,,,,,
0.04,,,,,,
0.02,,,,,,
0.11,,,,,,
0.67,,,,,,
0.24,,,,,,
0.02,,,,,,
0.03,,,,,,
0.14,,,,,,
0.03,,,,,,
0,,,,,,
0.01,,,,,,
0.09,,,,,,
0.06,,,,,,
0.07,,,,,,
0.04,,,,,,
0.21,,,,,,
0.04,,,,,,
0.01,,,,,,
0.09,,,,,,
1.48,,,,,,
0.08,,,,,,
0.03,,,,,,
0.31,,,,,,
0.45,,,,,,
0.01,,,,,,
0.02,,,,,,
0.03,,,,,,
0.01,,,,,,
0.31,,,,,,
0.27,,,,,,
0.02,,,,,,
0.22,,,,,,
0.01,,,,,,
0.05,,,,,,
0.16,,,,,,
1.02,,,,,,
1.35,,,,,,
0.13,,,,,,
0.04,,,,,,
0.11,,,,,,
0.96,,,,,,
0.87,,,,,,
0.18,,,,,,
0.51,,,,,,
0,,,,,,
0.48,,,,,,
0.81,,,,,,
0.13,,,,,,
0.02,,,,,,
0.09,,,,,,
0.02,,,,,,
0.38,,,,,,
0.55,,,,,,
0.02,,,,,,
0.03,,,,,,
0.13,,,,,,
0.19,,,,,,
0.58,,,,,,
0.33,,,,,,
1.76,,,,,,
0.02,,,,,,
0.04,,,,,,
0.13,,,,,,
0.05,,,,,,
0.04,,,,,,
0.01,,,,,,
0.04,,,,,,
0.07,,,,,,
0.22,,,,,,
0,,,,,,
0.5,,,,,,
1.16,,,,,,
0.02,,,,,,
0.03,,,,,,
0.01,,,,,,
1.28,,,,,,
0.01,,,,,,
0.19,,,,,,
0.12,,,,,,
1.12,,,,,,
0.07,,,,,,
0.03,,,,,,
0.03,,,,,,
0.02,,,,,,
0.14,,,,,,
0.04,,,,,,
0.02,,,,,,
0,,,,,,
0.02,,,,,,
0.08,,,,,,
1.02,,,,,,
0.18,,,,,,
0.03,,,,,,
0,,,,,,
0.03,,,,,,
1.91,,,,,,
0,,,,,,
0.24,,,,,,
1.12,,,,,,
0.02,,,,,,
0.04,,,,,,
2.53,,,,,,
0.4,,,,,,
0.11,,,,,,
0.8,,,,,,
0.01,,,,,,
0.41,,,,,,
0.02,,,,,,
0.2,,,,,,
0.02,,,,,,
0.08,,,,,,
0,,,,,,
0.12,,,,,,
0.19,,,,,,
0.26,,,,,,
0.02,,,,,,
0.02,,,,,,
0.01,,,,,,
0.22,,,,,,
0.6,,,,,,
0.09,,,,,,
0.02,,,,,,
0.01,,,,,,
0,,,,,,
0.12,,,,,,
0.05,,,,,,
0.35,,,,,,
0.9,,,,,,
0.03,,,,,,
0.19,,,,,,
0,,,,,,
0.1,,,,,,
0.84,,,,,,
0.05,,,,,,
0.34,,,,,,
0.1,,,,,,
0.01,,,,,,
0.05,,,,,,
0.06,,,,,,
0,,,,,,
1.06,,,,,,
0,,,,,,
0.07,,,,,,
0.01,,,,,,
0.15,,,,,,
0.4,,,,,,
0.09,,,,,,
0.15,,,,,,
0.15,,,,,,
0,,,,,,
0.08,,,,,,
0.01,,,,,,
0.86,,,,,,
0.05,,,,,,
0,,,,,,
0.04,,,,,,
0.11,,,,,,
0.04,,,,,,
0.02,,,,,,
0.05,,,,,,
0.16,,,,,,
0.03,,,,,,
0.04,,,,,,
0.14,,,,,,
0.63,,,,,,
0.11,,,,,,
0.01,,,,,,
0.2,,,,,,
0,,,,,,
0.02,,,,,,
0.01,,,,,,
0.06,,,,,,
0.05,,,,,,
0.02,,,,,,
0.01,,,,,,
0.22,,,,,,
0,,,,,,
0.17,,,,,,
0.02,,,,,,
0.03,,,,,,
2.52,,,,,,
0.01,,,,,,
0.38,,,,,,
0.02,,,,,,
0.01,,,,,,
0.11,,,,,,
0.06,,,,,,
0.02,,,,,,
0.24,,,,,,
0.09,,,,,,
0.01,,,,,,
0.03,,,,,,
0.06,,,,,,
0.06,,,,,,
0.48,,,,,,
0.06,,,,,,
0.04,,,,,,
0,,,,,,
0.08,,,,,,
1.03,,,,,,
0.01,,,,,,
0.08,,,,,,
0.01,,,,,,
0.01,,,,,,
0.03,,,,,,
0.02,,,,,,
0.45,,,,,,
0.26,,,,,,
0.06,,,,,,
0.04,,,,,,
0.47,,,,,,
0.09,,,,,,
0.22,,,,,,
0.02,,,,,,
0.03,,,,,,
0.98,,,,,,
0.2,,,,,,
0.09,,,,,,
0.01,,,,,,
0.05,,,,,,
0,,,,,,
0.11,,,,,,
0.01,,,,,,
0.31,,,,,,
0.2,,,,,,
0.02,,,,,,
0,,,,,,
0.31,,,,,,
0.46,,,,,,
0.01,,,,,,
0.02,,,,,,
0.14,,,,,,
0.05,,,,,,
0.02,,,,,,
0.04,,,,,,
0.06,,,,,,
0.24,,,,,,
0.13,,,,,,
0.03,,,,,,
0.04,,,,,,
0.01,,,,,,
0.08,,,,,,
0.09,,,,,,
0.05,,,,,,
0.11,,,,,,
0.07,,,,,,
0.01,,,,,,
0.11,,,,,,
0.01,,,,,,
0.1,,,,,,
0.01,,,,,,
0.01,,,,,,
0.01,,,,,,
0.1,,,,,,
0,,,,,,
0.01,,,,,,
0.06,,,,,,
0,,,,,,
0.03,,,,,,
0.03,,,,,,
0,,,,,,
0.22,,,,,,
0.42,,,,,,
0,,,,,,
0.01,,,,,,
0.27,,,,,,
0.03,,,,,,
0.01,,,,,,
0.17,,,,,,
0.17,,,,,,
0.03,,,,,,
0,,,,,,
0.02,,,,,,
1.19,,,,,,
0.01,,,,,,
0.06,,,,,,
0.39,,,,,,
0.01,,,,,,
0.17,,,,,,
0.02,,,,,,
0.11,,,,,,
0.01,,,,,,
0.43,,,,,,
4.02,,,,,,
0,,,,,,
0.44,,,,,,
0.01,,,,,,
0.23,,,,,,
0.03,,,,,,
0.02,,,,,,
0.09,,,,,,
0.08,,,,,,
0,,,,,,
0.03,,,,,,
0.06,,,,,,
0.04,,,,,,
0.05,,,,,,
0.01,,,,,,
0.04,,,,,,
0.01,,,,,,
0.08,,,,,,
0.11,,,,,,
0,,,,,,
0.48,,,,,,
0.02,,,,,,
0.04,,,,,,
0.03,,,,,,
0,,,,,,
0,,,,,,
0.21,,,,,,
0.44,,,,,,
0.86,,,,,,
0.05,,,,,,
0.05,,,,,,
0.02,,,,,,
0,,,,,,
0.03,,,,,,
1.15,,,,,,
0.21,,,,,,
0.04,,,,,,
0.04,,,,,,
0.28,,,,,,
0.34,,,,,,
0.83,,,,,,
0.2,,,,,,
0.09,,,,,,
0.61,,,,,,
0.04,,,,,,
0.16,,,,,,
0.15,,,,,,
0.09,,,,,,
0.04,,,,,,
3.07,,,,,,
0.56,,,,,,
0.04,,,,,,
0.05,,,,,,
0.13,,,,,,
0,,,,,,
0.02,,,,,,
0.18,,,,,,
0.02,,,,,,
0.48,,,,,,
0.03,,,,,,
0.02,,,,,,
0.11,,,,,,
0.03,,,,,,
0.05,,,,,,
2.19,,,,,,
0.08,,,,,,
0.16,,,,,,
0.3,,,,,,
0.95,,,,,,
0.13,,,,,,
1.29,,,,,,
0.39,,,,,,
0.38,,,,,,
0.02,,,,,,
0.03,,,,,,
0.11,,,,,,
0.01,,,,,,
0.88,,,,,,
0.1,,,,,,
0.05,,,,,,
0.01,,,,,,
0.14,,,,,,
0.06,,,,,,
0.12,,,,,,
0.05,,,,,,
0.01,,,,,,
0.04,,,,,,
0.22,,,,,,
0.01,,,,,,
0.03,,,,,,
0.31,,,,,,
0.02,,,,,,
0.07,,,,,,
1.04,,,,,,
0.03,,,,,,
0.16,,,,,,
0,,,,,,
0.17,,,,,,
0.01,,,,,,
0.04,,,,,,
0.13,,,,,,
0.19,,,,,,
0.11,,,,,,
0.19,,,,,,
0.06,,,,,,
0.07,,,,,,
0.34,,,,,,
0,,,,,,
0.15,,,,,,
0.46,,,,,,
0.15,,,,,,
0.09,,,,,,
0.26,,,,,,
0.16,,,,,,
0.04,,,,,,
0.11,,,,,,
1.43,,,,,,
0.29,,,,,,
0.21,,,,,,
0.01,,,,,,
0.45,,,,,,
0.03,,,,,,
0.02,,,,,,
0.09,,,,,,
0,,,,,,
0.09,,,,,,
0,,,,,,
0.01,,,,,,
0.46,,,,,,
0.01,,,,,,
0,,,,,,
0.01,,,,,,
0.18,,,,,,
0.21,,,,,,
0.01,,,,,,
0.48,,,,,,
0.01,,,,,,
0.24,,,,,,
0,,,,,,
0.01,,,,,,
0.25,,,,,,
0.34,,,,,,
0.07,,,,,,
0.03,,,,,,
0.29,,,,,,
0,,,,,,
0.11,,,,,,
0.01,,,,,,
0.48,,,,,,
0.01,,,,,,
0.02,,,,,,
1.19,,,,,,
0.04,,,,,,
0.01,,,,,,
0.02,,,,,,
0.03,,,,,,
0.01,,,,,,
1.21,,,,,,
0.03,,,,,,
0.16,,,,,,
0.04,,,,,,
0.02,,,,,,
0,,,,,,
0.02,,,,,,
0.01,,,,,,
0.16,,,,,,
0,,,,,,
0.04,,,,,,
0,,,,,,
0.03,,,,,,
0.42,,,,,,
0.18,,,,,,
0.02,,,,,,
0.2,,,,,,
0.25,,,,,,
0.02,,,,,,
0.43,,,,,,
0.13,,,,,,
0.02,,,,,,
0.01,,,,,,
0.04,,,,,,
0.12,,,,,,
0.03,,,,,,
1.08,,,,,,
0.23,,,,,,
0,,,,,,
0.01,,,,,,
0,,,,,,
0.56,,,,,,
0.05,,,,,,
0.53,,,,,,
0.04,,,,,,
0.03,,,,,,
0.27,,,,,,
0.07,,,,,,
0.06,,,,,,
0.38,,,,,,
0.51,,,,,,
0.03,,,,,,
0.2,,,,,,
0.07,,,,,,
0.02,,,,,,
0,,,,,,
0.06,,,,,,
0.63,,,,,,
0.33,,,,,,
0.13,,,,,,
0.29,,,,,,
0.02,,,,,,
0.12,,,,,,
0.67,,,,,,
0,,,,,,
0.07,,,,,,
0.05,,,,,,
0.29,,,,,,
0,,,,,,
0.05,,,,,,
0.07,,,,,,
0.4,,,,,,
0,,,,,,
0.04,,,,,,
0,,,,,,
0,,,,,,
0,,,,,,
0.03,,,,,,
1.53,,,,,,
0.04,,,,,,
0.01,,,,,,
0.07,,,,,,
1.71,,,,,,
0.01,,,,,,
0.17,,,,,,
0.26,,,,,,
0.16,,,,,,
0.03,,,,,,
0.03,,,,,,
0.34,,,,,,
0.12,,,,,,
0.13,,,,,,
0.06,,,,,,
0.17,,,,,,
0.23,,,,,,
0.01,,,,,,
0.06,,,,,,
0.01,,,,,,
0,,,,,,
0.15,,,,,,
0.22,,,,,,
0.05,,,,,,
0.04,,,,,,
0.01,,,,,,
0.19,,,,,,
0.12,,,,,,
0,,,,,,
0.2,,,,,,
0.04,,,,,,
0.01,,,,,,
0.28,,,,,,
0.08,,,,,,
0.09,,,,,,
0.14,,,,,,
0,,,,,,
0.03,,,,,,
0,,,,,,
0.12,,,,,,
0.12,,,,,,
0.37,,,,,,
0.13,,,,,,
0.15,,,,,,
0,,,,,,
0.19,,,,,,
0.04,,,,,,
0,,,,,,
0.04,,,,,,
0.32,,,,,,
0.04,,,,,,
0.12,,,,,,
0.05,,,,,,
0.2,,,,,,
0.21,,,,,,
0.27,,,,,,
2.89,,,,,,
0.05,,,,,,
0.13,,,,,,
0.33,,,,,,
0.02,,,,,,
1.12,,,,,,
0.35,,,,,,
0.4,,,,,,
0,,,,,,
0.16,,,,,,
0.07,,,,,,
0.04,,,,,,
0.95,,,,,,
0.05,,,,,,
0,,,,,,
0.07,,,,,,
0.08,,,,,,
0.76,,,,,,
0.02,,,,,,
0.03,,,,,,
0.04,,,,,,
0.01,,,,,,
0.09,,,,,,
0.06,,,,,,
2.55,,,,,,
0.5,,,,,,
0.05,,,,,,
0.01,,,,,,
0,,,,,,
1.93,,,,,,
0.15,,,,,,
0.2,,,,,,
0.05,,,,,,
0.01,,,,,,
2.07,,,,,,
0.35,,,,,,
0.6,,,,,,
0,,,,,,
0.39,,,,,,
0.19,,,,,,
1.05,,,,,,
0.11,,,,,,
0.09,,,,,,
0.18,,,,,,
0.07,,,,,,
0.34,,,,,,
0,,,,,,
0.01,,,,,,
0,,,,,,
0.38,,,,,,
0.08,,,,,,
0.06,,,,,,
0.04,,,,,,
0.04,,,,,,
0.2,,,,,,
0.01,,,,,,
0.03,,,,,,
0.03,,,,,,
0.12,,,,,,
0.02,,,,,,
0.11,,,,,,
0.03,,,,,,
0.07,,,,,,
0.18,,,,,,
1.24,,,,,,
0.05,,,,,,
0,,,,,,
0.06,,,,,,
0.02,,,,,,
0.11,,,,,,
0.03,,,,,,
0.13,,,,,,
0.05,,,,,,
0,,,,,,
0.02,,,,,,
0.02,,,,,,
2.2,,,,,,
0.03,,,,,,
0.09,,,,,,
0.2,,,,,,
0.02,,,,,,
0.02,,,,,,
0.06,,,,,,
0,,,,,,
0.28,,,,,,
0,,,,,,
0.03,,,,,,
0.04,,,,,,
0.31,,,,,,
0.01,,,,,,
0.41,,,,,,
0.05,,,,,,
0.24,,,,,,
0.02,,,,,,
0.02,,,,,,
0.09,,,,,,
0.03,,,,,,
0.06,,,,,,
0.66,,,,,,
0.15,,,,,,
0.02,,,,,,
0,,,,,,
0.19,,,,,,
0.51,,,,,,
0.02,,,,,,
0.02,,,,,,
0.29,,,,,,
0.01,,,,,,
0,,,,,,
0.19,,,,,,
0.01,,,,,,
0.02,,,,,,
0.04,,,,,,
0.03,,,,,,
0.03,,,,,,
2.28,,,,,,
0.07,,,,,,
0.1,,,,,,
0,,,,,,
0.18,,,,,,
0.03,,,,,,
0.17,,,,,,
0.03,,,,,,
0.02,,,,,,
0.67,,,,,,
0.03,,,,,,
0,,,,,,
0,,,,,,
0.2,,,,,,
0,,,,,,
0.09,,,,,,
0.16,,,,,,
0.07,,,,,,
0.4,,,,,,
0.02,,,,,,
0,,,,,,
0.06,,,,,,
0,,,,,,
0,,,,,,
0.01,,,,,,
0,,,,,,
0.08,,,,,,
0.26,,,,,,
0.7,,,,,,
0.02,,,,,,
0.64,,,,,,
0.02,,,,,,
0.24,,,,,,
0.44,,,,,,
0.19,,,,,,
0.74,,,,,,
1.8,,,,,,
0.5,,,,,,
0.3,,,,,,
0.44,,,,,,
1.09,,,,,,
0,,,,,,
0.05,,,,,,
0.65,,,,,,
0.08,,,,,,
0.03,,,,,,
0.04,,,,,,
0.05,,,,,,
0.05,,,,,,
0.07,,,,,,
0.04,,,,,,
0.28,,,,,,
0,,,,,,
0.01,,,,,,
0.01,,,,,,
0.25,,,,,,
0.03,,,,,,
0,,,,,,
0.01,,,,,,
0.08,,,,,,
0.01,,,,,,
0.18,,,,,,
0.05,,,,,,
0,,,,,,
0,,,,,,
0.1,,,,,,
0.05,,,,,,
1.72,,,,,,
2.75,,,,,,
0.15,,,,,,
0.11,,,,,,
0.09,,,,,,
0.02,,,,,,
0.55,,,,,,
0.13,,,,,,
0.02,,,,,,
0.09,,,,,,
0.26,,,,,,
0.01,,,,,,
0.15,,,,,,
0.06,,,,,,
0.07,,,,,,
0,,,,,,
0.02,,,,,,
0.04,,,,,,
0.04,,,,,,
0.57,,,,,,
0.14,,,,,,
0.02,,,,,,
0.2,,,,,,
0.03,,,,,,
0.12,,,,,,
0.1,,,,,,
0.09,,,,,,
0.04,,,,,,
0.42,,,,,,
0.02,,,,,,
0.05,,,,,,
0.15,,,,,,
0.04,,,,,,
0.49,,,,,,
0,,,,,,
0.03,,,,,,
0.02,,,,,,
0.02,,,,,,
0.02,,,,,,
0.23,,,,,,
0.24,,,,,,
0.09,,,,,,
0.12,,,,,,
0,,,,,,
0.01,,,,,,
0,,,,,,
0.2,,,,,,
0,,,,,,
0.02,,,,,,
0.02,,,,,,
0.03,,,,,,
0.01,,,,,,
0,,,,,,
0.22,,,,,,
0.03,,,,,,
0.02,,,,,,
0.03,,,,,,
0.13,,,,,,
0.03,,,,,,
0.04,,,,,,
0.03,,,,,,
0.02,,,,,,
0.08,,,,,,
0.16,,,,,,
0.02,,,,,,
0.01,,,,,,
0.04,,,,,,
0.06,,,,,,
7.47,,,,,,
0.21,,,,,,
0.16,,,,,,
0.27,,,,,,
0.21,,,,,,
0.25,,,,,,
0.03,,,,,,
0.03,,,,,,
0.01,,,,,,
0.02,,,,,,
0,,,,,,
0.01,,,,,,
0.04,,,,,,
0.03,,,,,,
0.01,,,,,,
0,,,,,,
0.69,,,,,,
0.06,,,,,,
0.03,,,,,,
0.03,,,,,,
0.16,,,,,,
0.22,,,,,,
0,,,,,,
0.17,,,,,,
0.06,,,,,,
0.02,,,,,,
0.04,,,,,,
0.2,,,,,,
0.02,,,,,,
0.05,,,,,,
0,,,,,,
0.1,,,,,,
0.34,,,,,,
0.09,,,,,,
0.03,,,,,,
0.51,,,,,,
0.07,,,,,,
0.03,,,,,,
0.11,,,,,,
0.01,,,,,,
0.05,,,,,,
0.06,,,,,,
0.12,,,,,,
1.56,,,,,,
0.01,,,,,,
2.36,,,,,,
0.5,,,,,,
0.28,,,,,,
0.07,,,,,,
0.02,,,,,,
0.02,,,,,,
0,,,,,,
0.02,,,,,,
0.23,,,,,,
0.04,,,,,,
1.05,,,,,,
0.26,,,,,,
0.15,,,,,,
0.03,,,,,,
0.03,,,,,,
0.25,,,,,,
1.11,,,,,,
0.31,,,,,,
0.09,,,,,,
0.01,,,,,,
0.06,,,,,,
0.01,,,,,,
0.02,,,,,,
0,,,,,,
0.28,,,,,,
0.01,,,,,,
0,,,,,,
0.04,,,,,,
0.07,,,,,,
1.16,,,,,,
0.45,,,,,,
0.31,,,,,,
0.02,,,,,,
0.04,,,,,,
0.27,,,,,,
0.02,,,,,,
0.07,,,,,,
2.18,,,,,,
0.5,,,,,,
0.5,,,,,,
0.19,,,,,,
0.17,,,,,,
0,,,,,,
0.8,,,,,,
0.09,,,,,,
0,,,,,,
0.1,,,,,,
0.14,,,,,,
0.19,,,,,,
0,,,,,,
0.01,,,,,,
0.04,,,,,,
0,,,,,,
0.02,,,,,,
0.09,,,,,,
0.11,,,,,,
0.15,,,,,,
0,,,,,,
0.38,,,,,,
0,,,,,,
0.21,,,,,,
0.03,,,,,,
0.04,,,,,,
1.29,,,,,,
0,,,,,,
0.02,,,,,,
0.01,,,,,,
0.06,,,,,,
0.1,,,,,,
0.04,,,,,,
0,,,,,,
0.03,,,,,,
0.03,,,,,,
0.25,,,,,,
0.12,,,,,,
0.05,,,,,,
0.04,,,,,,
0.1,,,,,,
0.07,,,,,,
0.04,,,,,,
0.02,,,,,,
0,,,,,,
0.01,,,,,,
3.68,,,,,,
0.02,,,,,,
28.96,,,,,,
0.1,,,,,,
0.05,,,,,,
0.1,,,,,,
0.41,,,,,,
0.02,,,,,,
0,,,,,,
0.07,,,,,,
0.04,,,,,,
0.8,,,,,,
0,,,,,,
0,,,,,,
1.11,,,,,,
0.04,,,,,,
0.06,,,,,,
0.27,,,,,,
0.07,,,,,,
0,,,,,,
0.03,,,,,,
0.2,,,,,,
0.22,,,,,,
0.05,,,,,,
0.24,,,,,,
0.25,,,,,,
0.19,,,,,,
0.03,,,,,,
0.07,,,,,,
0,,,,,,
0.05,,,,,,
0,,,,,,
0.01,,,,,,
0.14,,,,,,
0.75,,,,,,
0.02,,,,,,
0,,,,,,
0.01,,,,,,
0.04,,,,,,
0.19,,,,,,
0.69,,,,,,
0.04,,,,,,
0.04,,,,,,
0.03,,,,,,
0.38,,,,,,
0.4,,,,,,
0.16,,,,,,
0.1,,,,,,
0,,,,,,
0.05,,,,,,
0.16,,,,,,
0.15,,,,,,
0.05,,,,,,
0.05,,,,,,
0.01,,,,,,
0.22,,,,,,
0.04,,,,,,
0.42,,,,,,
0.1,,,,,,
0.03,,,,,,
0.01,,,,,,
0.11,,,,,,
0.05,,,,,,
0,,,,,,
0,,,,,,
0.63,,,,,,
0,,,,,,
0.59,,,,,,
0.12,,,,,,
0.22,,,,,,
0.01,,,,,,
0.07,,,,,,
0.27,,,,,,
0.06,,,,,,
0,,,,,,
0.01,,,,,,
0.01,,,,,,
0.11,,,,,,
0.39,,,,,,
0.14,,,,,,
1.04,,,,,,
0.4,,,,,,
0.01,,,,,,
0.61,,,,,,
0.04,,,,,,
0,,,,,,
0.11,,,,,,
0.18,,,,,,
0,,,,,,
0,,,,,,
0.36,,,,,,
2.43,,,,,,
1.72,,,,,,
0.01,,,,,,
0.14,,,,,,
0.02,,,,,,
0.1,,,,,,
0.03,,,,,,
0.02,,,,,,
0.18,,,,,,
0.1,,,,,,
0.1,,,,,,
0.87,,,,,,
0.22,,,,,,
0,,,,,,
0.01,,,,,,
0.02,,,,,,
0.06,,,,,,
0.02,,,,,,
0.03,,,,,,
0.32,,,,,,
0.04,,,,,,
0.86,,,,,,
0.06,,,,,,
0.07,,,,,,
0.05,,,,,,
0.02,,,,,,
0.54,,,,,,
0.02,,,,,,
0.3,,,,,,
0.05,,,,,,
0,,,,,,
0.1,,,,,,
0.11,,,,,,
0.01,,,,,,
0.03,,,,,,
0.02,,,,,,
0.06,,,,,,
0,,,,,,
0.04,,,,,,
0.03,,,,,,
0.01,,,,,,
0.17,,,,,,
0.19,,,,,,
0.37,,,,,,
0.06,,,,,,
0.79,,,,,,
0,,,,,,
0.01,,,,,,
0.04,,,,,,
0.08,,,,,,
0.01,,,,,,
0.01,,,,,,
0,,,,,,
0.27,,,,,,
0.03,,,,,,
0,,,,,,
0.7,,,,,,
0.32,,,,,,
0.13,,,,,,
0,,,,,,
0.3,,,,,,
0.05,,,,,,
0.13,,,,,,
0.13,,,,,,
0.13,,,,,,
0.01,,,,,,
2.99,,,,,,
0.02,,,,,,
0.05,,,,,,
0.16,,,,,,
0.03,,,,,,
0,,,,,,
0.05,,,,,,
0.52,,,,,,
0.58,,,,,,
0.18,,,,,,
0.01,,,,,,
0.12,,,,,,
0.11,,,,,,
0.05,,,,,,
0.19,,,,,,
0,,,,,,
0,,,,,,
0.12,,,,,,
0.02,,,,,,
0.2,,,,,,
0,,,,,,
0.01,,,,,,
0,,,,,,
0.3,,,,,,
1.22,,,,,,
0.03,,,,,,
0.1,,,,,,
0.46,,,,,,
0,,,,,,
0.02,,,,,,
0.32,,,,,,
0.31,,,,,,
0.01,,,,,,
0,,,,,,
0.05,,,,,,
0,,,,,,
0.06,,,,,,
0.21,,,,,,
0.56,,,,,,
0.2,,,,,,
0.01,,,,,,
0.46,,,,,,
0.03,,,,,,
0.03,,,,,,
0.03,,,,,,
0.15,,,,,,
2.75,,,,,,
0.01,,,,,,
0.02,,,,,,
0,,,,,,
0.02,,,,,,
0.04,,,,,,
0.01,,,,,,
0.15,,,,,,
0.84,,,,,,
0.02,,,,,,
0.33,,,,,,
0.04,,,,,,
0.09,,,,,,
0.05,,,,,,
0.25,,,,,,
0,,,,,,
0.03,,,,,,
0.09,,,,,,
0.24,,,,,,
0.96,,,,,,
0.05,,,,,,
1.99,,,,,,
0.02,,,,,,
0.17,,,,,,
0.01,,,,,,
0.32,,,,,,
0,,,,,,
0,,,,,,
0.02,,,,,,
0.12,,,,,,
0.13,,,,,,
0,,,,,,
0.01,,,,,,
0.03,,,,,,
0.14,,,,,,
0.02,,,,,,
0.35,,,,,,
0,,,,,,
0.02,,,,,,
0.48,,,,,,
0.02,,,,,,
1.07,,,,,,
0.24,,,,,,
0.05,,,,,,
0,,,,,,
0.56,,,,,,
0,,,,,,
0.26,,,,,,
0,,,,,,
0.04,,,,,,
0.03,,,,,,
0,,,,,,
0.27,,,,,,
0,,,,,,
0.01,,,,,,
0.02,,,,,,
0,,,,,,
0.18,,,,,,
0.01,,,,,,
0.59,,,,,,
0.02,,,,,,
0.01,,,,,,
0.41,,,,,,
0,,,,,,
1.21,,,,,,
0.29,,,,,,
0.01,,,,,,
0.02,,,,,,
0,,,,,,
0.04,,,,,,
1.41,,,,,,
0.2,,,,,,
0.04,,,,,,
0,,,,,,
0.24,,,,,,
0.06,,,,,,
0.17,,,,,,
0.24,,,,,,
0,,,,,,
1,,,,,,
0.49,,,,,,
0.06,,,,,,
0.1,,,,,,
0,,,,,,
0,,,,,,
0.2,,,,,,
0,,,,,,
0.09,,,,,,
0,,,,,,
0.16,,,,,,
0.04,,,,,,
0.12,,,,,,
0.03,,,,,,
0.32,,,,,,
0.01,,,,,,
0.06,,,,,,
0.14,,,,,,
0.02,,,,,,
0,,,,,,
0.03,,,,,,
0.2,,,,,,
0.02,,,,,,
0.06,,,,,,
0,,,,,,
0.02,,,,,,
0.04,,,,,,
0.1,,,,,,
0,,,,,,
0.49,,,,,,
0.01,,,,,,
0.08,,,,,,
0.4,,,,,,
0.02,,,,,,
0.38,,,,,,
0.06,,,,,,
0.17,,,,,,
0.02,,,,,,
0,,,,,,
0.01,,,,,,
0,,,,,,
0.04,,,,,,
0.03,,,,,,
0.04,,,,,,
0.02,,,,,,
0.06,,,,,,
0.02,,,,,,
0.04,,,,,,
0.31,,,,,,
0,,,,,,
0.33,,,,,,
1.36,,,,,,
0.1,,,,,,
0.1,,,,,,
0.15,,,,,,
0.02,,,,,,
0.13,,,,,,
0.02,,,,,,
0.05,,,,,,
0.02,,,,,,
0.27,,,,,,
0.02,,,,,,
0.09,,,,,,
0.02,,,,,,
0.32,,,,,,
0.23,,,,,,
0.07,,,,,,
0.04,,,,,,
0.06,,,,,,
0.09,,,,,,
1.49,,,,,,
0.12,,,,,,
0.02,,,,,,
0.02,,,,,,
0,,,,,,
0.76,,,,,,
0.07,,,,,,
0.02,,,,,,
1.47,,,,,,
0.78,,,,,,
0.1,,,,,,
0.01,,,,,,
0.1,,,,,,
0,,,,,,
0,,,,,,
0.33,,,,,,
0.03,,,,,,
0.09,,,,,,
0.03,,,,,,
0.02,,,,,,
0.04,,,,,,
0.02,,,,,,
0.17,,,,,,
0.03,,,,,,
0.29,,,,,,
0.16,,,,,,
0.09,,,,,,
0,,,,,,
0.2,,,,,,
0,,,,,,
0.05,,,,,,
0.87,,,,,,
0.2,,,,,,
0,,,,,,
0.16,,,,,,
0,,,,,,
0.12,,,,,,
0.03,,,,,,
0,,,,,,
0.17,,,,,,
0.01,,,,,,
0.36,,,,,,
3.11,,,,,,
0.01,,,,,,
0.46,,,,,,
0.07,,,,,,
1.01,,,,,,
0.08,,,,,,
0.02,,,,,,
0.31,,,,,,
0.02,,,,,,
0.03,,,,,,
0.03,,,,,,
0.11,,,,,,
0.05,,,,,,
0.04,,,,,,
0.07,,,,,,
0.49,,,,,,
0.44,,,,,,
0.07,,,,,,
0.04,,,,,,
0.02,,,,,,
0.39,,,,,,
0.59,,,,,,
0,,,,,,
0.09,,,,,,
0.2,,,,,,
0.5,,,,,,
0.21,,,,,,
0.23,,,,,,
0,,,,,,
0.18,,,,,,
0.01,,,,,,
8.03,,,,,,
0.1,,,,,,
0.23,,,,,,
0.03,,,,,,
0.03,,,,,,
0.03,,,,,,
0,,,,,,
0,,,,,,
0.35,,,,,,
0.97,,,,,,
0.06,,,,,,
0.15,,,,,,
0,,,,,,
0.02,,,,,,
0.36,,,,,,
0.6,,,,,,
0.33,,,,,,
0.37,,,,,,
0.03,,,,,,
0.07,,,,,,
0.38,,,,,,
0.27,,,,,,
0.06,,,,,,
0.12,,,,,,
0,,,,,,
0.05,,,,,,
0.03,,,,,,
0.01,,,,,,
0.28,,,,,,
0,,,,,,
0.08,,,,,,
0,,,,,,
0.16,,,,,,
0.08,,,,,,
0,,,,,,
0.05,,,,,,
0.46,,,,,,
0.14,,,,,,
0,,,,,,
0.11,,,,,,
0.13,,,,,,
0.31,,,,,,
0.03,,,,,,
0.01,,,,,,
0,,,,,,
0.27,,,,,,
0.02,,,,,,
0.16,,,,,,
0.03,,,,,,
0.53,,,,,,
0.32,,,,,,
0,,,,,,
0.05,,,,,,
0.01,,,,,,
1.73,,,,,,
0.04,,,,,,
0.33,,,,,,
0.1,,,,,,
0.07,,,,,,
0,,,,,,
0.03,,,,,,
0.01,,,,,,
0,,,,,,
0.02,,,,,,
0.58,,,,,,
0.01,,,,,,
0.02,,,,,,
0.01,,,,,,
0.14,,,,,,
0.03,,,,,,
0.07,,,,,,
0,,,,,,
0.52,,,,,,
0.23,,,,,,
0.05,,,,,,
0.02,,,,,,
0.1,,,,,,
0.15,,,,,,
0,,,,,,
0.08,,,,,,
0,,,,,,
0.05,,,,,,
0.05,,,,,,
0,,,,,,
0,,,,,,
0.38,,,,,,
0,,,,,,
0.35,,,,,,
0,,,,,,
0.02,,,,,,
0.01,,,,,,
0.62,,,,,,
0.27,,,,,,
0.01,,,,,,
0.01,,,,,,
0.46,,,,,,
0.02,,,,,,
2.18,,,,,,
0.22,,,,,,
0.2,,,,,,
0.15,,,,,,
0,,,,,,
0.33,,,,,,
0.07,,,,,,
0.01,,,,,,
0.04,,,,,,
0.14,,,,,,
1.39,,,,,,
0,,,,,,
0.01,,,,,,
0,,,,,,
0.43,,,,,,
0.2,,,,,,
0,,,,,,
0.02,,,,,,
0,,,,,,
0.32,,,,,,
0.04,,,,,,
0.13,,,,,,
0.04,,,,,,
0,,,,,,
0.12,,,,,,
0.01,,,,,,
0.03,,,,,,
0,,,,,,
0.12,,,,,,
0.39,,,,,,
1,,,,,,
0.46,,,,,,
0.03,,,,,,
0.17,,,,,,
0.22,,,,,,
0.02,,,,,,
0.05,,,,,,
0.29,,,,,,
0.02,,,,,,
0,,,,,,
0.02,,,,,,
0.04,,,,,,
0.29,,,,,,
0.06,,,,,,
0.03,,,,,,
0.11,,,,,,
0.02,,,,,,
0.03,,,,,,
0.44,,,,,,
0.13,,,,,,
0.02,,,,,,
0.26,,,,,,
0.02,,,,,,
0.19,,,,,,
0.53,,,,,,
0.3,,,,,,
0.04,,,,,,
0.44,,,,,,
0.04,,,,,,
0,,,,,,
0.34,,,,,,
0.03,,,,,,
0,,,,,,
0.04,,,,,,
0.4,,,,,,
0.04,,,,,,
0.06,,,,,,
0.08,,,,,,
0.04,,,,,,
0.41,,,,,,
0.32,,,,,,
0,,,,,,
0.11,,,,,,
0.03,,,,,,
0.14,,,,,,
0.04,,,,,,
0.12,,,,,,
0.03,,,,,,
0.01,,,,,,
0.15,,,,,,
0.08,,,,,,
0.01,,,,,,
0.04,,,,,,
0.1,,,,,,
0.01,,,,,,
0.04,,,,,,
0.02,,,,,,
0,,,,,,
0.02,,,,,,
0.23,,,,,,
0.38,,,,,,
0.01,,,,,,
0.29,,,,,,
0.01,,,,,,
1.56,,,,,,
0.41,,,,,,
0.23,,,,,,
0.02,,,,,,
0.5,,,,,,
0.25,,,,,,
0.52,,,,,,
0.67,,,,,,
0.09,,,,,,
0.02,,,,,,
0.04,,,,,,
0.21,,,,,,
0,,,,,,
0.57,,,,,,
0.34,,,,,,
0.02,,,,,,
0,,,,,,
0.84,,,,,,
0.24,,,,,,
0.02,,,,,,
0,,,,,,
0.18,,,,,,
0.18,,,,,,
0.15,,,,,,
0.01,,,,,,
0.07,,,,,,
0.26,,,,,,
0.01,,,,,,
0.27,,,,,,
0.07,,,,,,
0.02,,,,,,
0.45,,,,,,
0,,,,,,
0.06,,,,,,
0.01,,,,,,
1.43,,,,,,
0.02,,,,,,
0,,,,,,
0,,,,,,
5.73,,,,,,
0.29,,,,,,
0.29,,,,,,
0.52,,,,,,
0.01,,,,,,
0.16,,,,,,
0.41,,,,,,
0.03,,,,,,
0.02,,,,,,
0.07,,,,,,
0.03,,,,,,
0.41,,,,,,
0.02,,,,,,
0.03,,,,,,
0.25,,,,,,
0.04,,,,,,
2.12,,,,,,
0.17,,,,,,
0.03,,,,,,
0.01,,,,,,
0.29,,,,,,
0.03,,,,,,
0.55,,,,,,
0.02,,,,,,
0.01,,,,,,
0.03,,,,,,
0.05,,,,,,
0.06,,,,,,
0,,,,,,
0.18,,,,,,
0,,,,,,
0.18,,,,,,
0.11,,,,,,
0.03,,,,,,
0.08,,,,,,
0.08,,,,,,
0.02,,,,,,
0.6,,,,,,
0,,,,,,
0.02,,,,,,
0.02,,,,,,
0,,,,,,
0.03,,,,,,
0.08,,,,,,
0.04,,,,,,
0.21,,,,,,
0.05,,,,,,
0.19,,,,,,
0.07,,,,,,
0.05,,,,,,
0,,,,,,
0,,,,,,
0.01,,,,,,
0,,,,,,
0.57,,,,,,
0,,,,,,
0.02,,,,,,
0.44,,,,,,
0,,,,,,
0.17,,,,,,
1.19,,,,,,
0.04,,,,,,
0.06,,,,,,
0.12,,,,,,
0.02,,,,,,
0.21,,,,,,
0.05,,,,,,
0.34,,,,,,
0.02,,,,,,
0.05,,,,,,
0.23,,,,,,
0,,,,,,
0.01,,,,,,
0,,,,,,
1.23,,,,,,
0.09,,,,,,
0.06,,,,,,
0.11,,,,,,
0,,,,,,
0.05,,,,,,
0.02,,,,,,
0.08,,,,,,
0.1,,,,,,
0.01,,,,,,
0.02,,,,,,
0.02,,,,,,
0.06,,,,,,
0.02,,,,,,
0.01,,,,,,
0.02,,,,,,
0.77,,,,,,
0.02,,,,,,
0.07,,,,,,
0.04,,,,,,
0.26,,,,,,
0.04,,,,,,
0.18,,,,,,
0.04,,,,,,
0.59,,,,,,
0,,,,,,
0.07,,,,,,
0.08,,,,,,
0.05,,,,,,
0.07,,,,,,
0.38,,,,,,
0.04,,,,,,
0.38,,,,,,
0,,,,,,
1.9,,,,,,
0.24,,,,,,
0.01,,,,,,
0.01,,,,,,
0,,,,,,
0.03,,,,,,
0.87,,,,,,
0.04,,,,,,
0.04,,,,,,
0.03,,,,,,
0.05,,,,,,
0,,,,,,
0.03,,,,,,
0.04,,,,,,
0.43,,,,,,
0.12,,,,,,
0.01,,,,,,
0.01,,,,,,
0.1,,,,,,
0.02,,,,,,
0.02,,,,,,
0.05,,,,,,
0.11,,,,,,
0.39,,,,,,
0.04,,,,,,
0.02,,,,,,
0,,,,,,
0.02,,,,,,
0.02,,,,,,
0.03,,,,,,
0.04,,,,,,
0.19,,,,,,
0,,,,,,
1.27,,,,,,
1.97,,,,,,
0.03,,,,,,
0.04,,,,,,
0.02,,,,,,
0.01,,,,,,
0.2,,,,,,
0.13,,,,,,
0.01,,,,,,
0.03,,,,,,
0.2,,,,,,
0.05,,,,,,
0.03,,,,,,
0,,,,,,
0.16,,,,,,
0.09,,,,,,
0.02,,,,,,
0.16,,,,,,
0.53,,,,,,
0.33,,,,,,
0.01,,,,,,
0.05,,,,,,
0.03,,,,,,
0.04,,,,,,
0,,,,,,
0,,,,,,
0.16,,,,,,
0.43,,,,,,
0.03,,,,,,
0.27,,,,,,
0,,,,,,
0.21,,,,,,
0.39,,,,,,
0.1,,,,,,
0.04,,,,,,
0.45,,,,,,
0.11,,,,,,
0.06,,,,,,
0.19,,,,,,
0.72,,,,,,
0.38,,,,,,
0.34,,,,,,
0,,,,,,
0.25,,,,,,
0.04,,,,,,
0.03,,,,,,
0.05,,,,,,
0,,,,,,
0.16,,,,,,
0.04,,,,,,
0.09,,,,,,
0.14,,,,,,
0.16,,,,,,
0.45,,,,,,
0.41,,,,,,
0.11,,,,,,
0.04,,,,,,
0.06,,,,,,
0.02,,,,,,
0.07,,,,,,
0,,,,,,
0.13,,,,,,
0.23,,,,,,
0.03,,,,,,
0.19,,,,,,
0.1,,,,,,
0,,,,,,
0,,,,,,
0.46,,,,,,
0,,,,,,
0.05,,,,,,
0.02,,,,,,
0.02,,,,,,
0.01,,,,,,
0.14,,,,,,
0.04,,,,,,
0,,,,,,
0,,,,,,
0.01,,,,,,
0.13,,,,,,
0,,,,,,
0.04,,,,,,
0,,,,,,
0.05,,,,,,
0.26,,,,,,
0.8,,,,,,
0.01,,,,,,
0.02,,,,,,
0.45,,,,,,
0,,,,,,
0.67,,,,,,
0.12,,,,,,
0.03,,,,,,
0.08,,,,,,
0.25,,,,,,
0.71,,,,,,
0.02,,,,,,
0.01,,,,,,
0.38,,,,,,
0.2,,,,,,
0.3,,,,,,
0,,,,,,
1.14,,,,,,
0.02,,,,,,
0.19,,,,,,
0.07,,,,,,
0,,,,,,
0.12,,,,,,
0.4,,,,,,
0.02,,,,,,
0.02,,,,,,
0,,,,,,
0.35,,,,,,
0.08,,,,,,
0.08,,,,,,
0.07,,,,,,
0,,,,,,
1.12,,,,,,
0.01,,,,,,
0.01,,,,,,
0.06,,,,,,
0.02,,,,,,
0.01,,,,,,
0.12,,,,,,
0.03,,,,,,
0.03,,,,,,
0.33,,,,,,
0.03,,,,,,
0.34,,,,,,
0,,,,,,
0.31,,,,,,
0.12,,,,,,
0.04,,,,,,
0.07,,,,,,
0,,,,,,
0.02,,,,,,
0.28,,,,,,
0.01,,,,,,
0.01,,,,,,
0.05,,,,,,
0,,,,,,
0.09,,,,,,
0.79,,,,,,
0.04,,,,,,
0.01,,,,,,
0.4,,,,,,
0.23,,,,,,
0.16,,,,,,
0.04,,,,,,
0.03,,,,,,
0,,,,,,
0.02,,,,,,
0.17,,,,,,
0,,,,,,
0,,,,,,
0.18,,,,,,
0.15,,,,,,
0,,,,,,
0.01,,,,,,
0.13,,,,,,
0.03,,,,,,
0.04,,,,,,
0.02,,,,,,
0.32,,,,,,
0.01,,,,,,
0.03,,,,,,
0.02,,,,,,
1.75,,,,,,
0.02,,,,,,
0.01,,,,,,
0.7,,,,,,
0.11,,,,,,
0.16,,,,,,
0.57,,,,,,
0.02,,,,,,
0.01,,,,,,
0.12,,,,,,
0,,,,,,
0.32,,,,,,
0,,,,,,
0.09,,,,,,
0.04,,,,,,
0.26,,,,,,
0.01,,,,,,
0.7,,,,,,
0.69,,,,,,
0.26,,,,,,
0.07,,,,,,
0.02,,,,,,
0.29,,,,,,
0.02,,,,,,
0.06,,,,,,
0.36,,,,,,
0.11,,,,,,
0,,,,,,
0.76,,,,,,
0.26,,,,,,
0.03,,,,,,
0.62,,,,,,
0.03,,,,,,
0.13,,,,,,
0.08,,,,,,
0.04,,,,,,
0.06,,,,,,
0.13,,,,,,
0.08,,,,,,
0.05,,,,,,
0.15,,,,,,
0.13,,,,,,
0.2,,,,,,
0.26,,,,,,
0.03,,,,,,
0.03,,,,,,
0.04,,,,,,
0.07,,,,,,
0.08,,,,,,
0.05,,,,,,
0.01,,,,,,
0.02,,,,,,
0,,,,,,
0.25,,,,,,
0.14,,,,,,
0.53,,,,,,
0.08,,,,,,
0.11,,,,,,
4.82,,,,,,
0.02,,,,,,
0.11,,,,,,
0.03,,,,,,
0.18,,,,,,
0.32,,,,,,
0,,,,,,
0.03,,,,,,
0.06,,,,,,
0.22,,,,,,
0.14,,,,,,
0.07,,,,,,
0,,,,,,
0.29,,,,,,
0.01,,,,,,
0.04,,,,,,
0,,,,,,
0,,,,,,
0.05,,,,,,
0.92,,,,,,
0,,,,,,
0.01,,,,,,
1.16,,,,,,
0.07,,,,,,
0.03,,,,,,
0.01,,,,,,
0.61,,,,,,
0.01,,,,,,
0.05,,,,,,
0.06,,,,,,
0.05,,,,,,
0.27,,,,,,
4.24,,,,,,
0.36,,,,,,
0.2,,,,,,
0.2,,,,,,
0.03,,,,,,
0.02,,,,,,
2.47,,,,,,
0.15,,,,,,
0.04,,,,,,
0.14,,,,,,
0.09,,,,,,
0.08,,,,,,
0.4,,,,,,
0.21,,,,,,
0.58,,,,,,
0.14,,,,,,
0.03,,,,,,
0.07,,,,,,
0.67,,,,,,
0.05,,,,,,
0.07,,,,,,
0.43,,,,,,
0.01,,,,,,
0.01,,,,,,
0,,,,,,
0.03,,,,,,
0.34,,,,,,
0.03,,,,,,
0.24,,,,,,
0.15,,,,,,
0.08,,,,,,
0.42,,,,,,
0.01,,,,,,
0.04,,,,,,
0.01,,,,,,
0.02,,,,,,
0.12,,,,,,
0.39,,,,,,
0.02,,,,,,
0.69,,,,,,
0.43,,,,,,
0.02,,,,,,
0.04,,,,,,
0.89,,,,,,
0.4,,,,,,
0.04,,,,,,
0.07,,,,,,
0.3,,,,,,
0.33,,,,,,
0.06,,,,,,
0.07,,,,,,
0.01,,,,,,
0.6,,,,,,
0,,,,,,
0.17,,,,,,
0.03,,,,,,
0.02,,,,,,
0.08,,,,,,
0.05,,,,,,
0.05,,,,,,
0.04,,,,,,
0.11,,,,,,
0.1,,,,,,
0.46,,,,,,
0.27,,,,,,
0.01,,,,,,
0.01,,,,,,
0.04,,,,,,
0.02,,,,,,
0.4,,,,,,
0.04,,,,,,
0.01,,,,,,
0.02,,,,,,
0.05,,,,,,
0.08,,,,,,
0.11,,,,,,
0.03,,,,,,
0.05,,,,,,
0.17,,,,,,
0.05,,,,,,
0.11,,,,,,
0.02,,,,,,
0.4,,,,,,
0,,,,,,
1.55,,,,,,
0.56,,,,,,
0,,,,,,
0.02,,,,,,
0.69,,,,,,
0.31,,,,,,
0.01,,,,,,
0.04,,,,,,
0.01,,,,,,
0.01,,,,,,
0.01,,,,,,
0.18,,,,,,
0.09,,,,,,
0.01,,,,,,
0.03,,,,,,
0.01,,,,,,
0.3,,,,,,
0.1,,,,,,
0.1,,,,,,
0.91,,,,,,
0.06,,,,,,
0.02,,,,,,
0.41,,,,,,
1.01,,,,,,
0.09,,,,,,
0.18,,,,,,
0,,,,,,
0.44,,,,,,
0.09,,,,,,
1.57,,,,,,
0.13,,,,,,
0.2,,,,,,
0.56,,,,,,
0.2,,,,,,
0,,,,,,
0.17,,,,,,
0.03,,,,,,
0.3,,,,,,
0.42,,,,,,
0.12,,,,,,
0.15,,,,,,
0.3,,,,,,
0.02,,,,,,
0.22,,,,,,
0.25,,,,,,
0.08,,,,,,
0.29,,,,,,
0.12,,,,,,
0,,,,,,
0.13,,,,,,
0.02,,,,,,
0.38,,,,,,
0.65,,,,,,
0,,,,,,
0.59,,,,,,
0.03,,,,,,
0.04,,,,,,
0.23,,,,,,
0.22,,,,,,
1.99,,,,,,
0.47,,,,,,
0,,,,,,
0,,,,,,
0.08,,,,,,
0.05,,,,,,
0.09,,,,,,
0.07,,,,,,
0.01,,,,,,
0.21,,,,,,
0.09,,,,,,
0,,,,,,
0.21,,,,,,
6.31,,,,,,
0.05,,,,,,
0.02,,,,,,
0,,,,,,
0.13,,,,,,
0.1,,,,,,
1.34,,,,,,
0.04,,,,,,
0,,,,,,
0.03,,,,,,
5.14,,,,,,
0.06,,,,,,
0.01,,,,,,
0.03,,,,,,
0.31,,,,,,
0.02,,,,,,
0.04,,,,,,
0.13,,,,,,
0.2,,,,,,
0.11,,,,,,
0,,,,,,
0,,,,,,
0.04,,,,,,
0.01,,,,,,
0,,,,,,
0.22,,,,,,
0.1,,,,,,
0,,,,,,
0.03,,,,,,
0,,,,,,
0.64,,,,,,
0.03,,,,,,
0,,,,,,
0.39,,,,,,
0,,,,,,
0.03,,,,,,
0,,,,,,
0.08,,,,,,
0,,,,,,
0.36,,,,,,
0.14,,,,,,
0.27,,,,,,
0.02,,,,,,
0.02,,,,,,
0.05,,,,,,
0.39,,,,,,
0,,,,,,
0.19,,,,,,
0.58,,,,,,
0.03,,,,,,
0.03,,,,,,
0,,,,,,
0.01,,,,,,
0.88,,,,,,
0.23,,,,,,
0.02,,,,,,
0.17,,,,,,
1.12,,,,,,
0,,,,,,
0.41,,,,,,
0.85,,,,,,
0.02,,,,,,
0.07,,,,,,
0.36,,,,,,
0.06,,,,,,
0.01,,,,,,
0.1,,,,,,
0.88,,,,,,
0,,,,,,
0.92,,,,,,
0.09,,,,,,
0.01,,,,,,
0.28,,,,,,
0.11,,,,,,
0,,,,,,
0,,,,,,
0.03,,,,,,
0.07,,,,,,
0,,,,,,
0.02,,,,,,
0.02,,,,,,
0.48,,,,,,
0.05,,,,,,
0,,,,,,
0.03,,,,,,
0.01,,,,,,
0.04,,,,,,
0.01,,,,,,
0.15,,,,,,
0.01,,,,,,
0.03,,,,,,
0.37,,,,,,
0.04,,,,,,
0.55,,,,,,
0.03,,,,,,
0.01,,,,,,
0.01,,,,,,
0,,,,,,
2.07,,,,,,
0.64,,,,,,
0,,,,,,
0.19,,,,,,
2.39,,,,,,
0,,,,,,
0.46,,,,,,
0.01,,,,,,
0.19,,,,,,
0.04,,,,,,
0.56,,,,,,
0.63,,,,,,
0.35,,,,,,
0.02,,,,,,
0.07,,,,,,
0.02,,,,,,
0.14,,,,,,
0.53,,,,,,
0.79,,,,,,
0,,,,,,
0.54,,,,,,
0.05,,,,,,
1.98,,,,,,
0.08,,,,,,
0.04,,,,,,
0.23,,,,,,
0.26,,,,,,
1.58,,,,,,
0.2,,,,,,
0.14,,,,,,
0.02,,,,,,
0.17,,,,,,
0.05,,,,,,
0.12,,,,,,
12.76,,,,,,
0.04,,,,,,
0.75,,,,,,
0.04,,,,,,
0.22,,,,,,
0.79,,,,,,
0.01,,,,,,
0.08,,,,,,
0,,,,,,
0.19,,,,,,
0.03,,,,,,
1.17,,,,,,
0.67,,,,,,
0,,,,,,
0,,,,,,
0.27,,,,,,
0,,,,,,
0.16,,,,,,
0.91,,,,,,
0.03,,,,,,
0.06,,,,,,
0.03,,,,,,
0.02,,,,,,
0.24,,,,,,
1.29,,,,,,
0.05,,,,,,
0.04,,,,,,
0,,,,,,
0.19,,,,,,
0.14,,,,,,
0.89,,,,,,
0.01,,,,,,
0,,,,,,
0.02,,,,,,
0.31,,,,,,
0.07,,,,,,
0.1,,,,,,
0.12,,,,,,
0.08,,,,,,
0.35,,,,,,
0.14,,,,,,
0.63,,,,,,
0.05,,,,,,
0.09,,,,,,
0.03,,,,,,
0.12,,,,,,
0.01,,,,,,
0.03,,,,,,
0.1,,,,,,
0.27,,,,,,
0.23,,,,,,
0.21,,,,,,
0.11,,,,,,
0.08,,,,,,
0,,,,,,
0.05,,,,,,
0,,,,,,
0.02,,,,,,
0.14,,,,,,
0.07,,,,,,
0.66,,,,,,
0.02,,,,,,
0.23,,,,,,
0.06,,,,,,
0.11,,,,,,
0.09,,,,,,
0.43,,,,,,
0.06,,,,,,
0,,,,,,
0.01,,,,,,
0.07,,,,,,
0.14,,,,,,
0,,,,,,
0.04,,,,,,
0.47,,,,,,
0.02,,,,,,
0,,,,,,
0.04,,,,,,
0.01,,,,,,
0,,,,,,
0.12,,,,,,
0.11,,,,,,
0.09,,,,,,
0.02,,,,,,
0.45,,,,,,
0.02,,,,,,
0.15,,,,,,
1.05,,,,,,
0.01,,,,,,
0,,,,,,
0.46,,,,,,
0.01,,,,,,
0.07,,,,,,
0.39,,,,,,
0.08,,,,,,
0.01,,,,,,
0,,,,,,
0.2,,,,,,
0.07,,,,,,
0,,,,,,
0,,,,,,
0.55,,,,,,
3.45,,,,,,
0,,,,,,
0.1,,,,,,
0.07,,,,,,
0.53,,,,,,
0.12,,,,,,
0.03,,,,,,
0.3,,,,,,
0.05,,,,,,
0,,,,,,
0.2,,,,,,
0.02,,,,,,
0.02,,,,,,
3.59,,,,,,
0.22,,,,,,28.96
0.52,,,,,,
0.57,,,,,,
0.49,,,,,,
0,,,,,,
0.35,,,,,,
0,,,,,,
0.03,,,,,,
1.11,,,,,,
0,,,,,,
0.09,,,,,,
0.31,,,,,,
0.19,,,,,,
0.95,,,,,,
0.32,,,,,,
0.09,,,,,,
0,,,,,,
0.4,,,,,,
0.04,,,,,,
0.02,,,,,,
0.14,,,,,,
0.72,,,,,,
0.01,,,,,,
0.03,,,,,,
0,,,,,,
0.05,,,,,,
0.02,,,,,,
0.02,,,,,,
0,,,,,,
0,,,,,,
0.2,,,,,,
0.16,,,,,,
0.33,,,,,,
0.13,,,,,,
0.54,,,,,,
0.12,,,,,,
0.24,,,,,,
0.21,,,,,,
0,,,,,,
0,,,,,,
0.17,,,,,,
0,,,,,,
0.03,,,,,,
0,,,,,,
0,,,,,,
0,,,,,,
0.04,,,,,,
0.11,,,,,,
0.1,,,,,,
0.15,,,,,,
0.07,,,,,,
0.03,,,,,,
0.23,,,,,,
0.14,,,,,,
0.02,,,,,,
0,,,,,,
0.22,,,,,,
0.28,,,,,,
0.1,,,,,,
0.07,,,,,,
0.05,,,,,,
0,,,,,,
0.01,,,,,,
0.06,,,,,,
0.04,,,,,,
0.22,,,,,,
0,,,,,,
0.1,,,,,,
0.23,,,,,,
1.04,,,,,,
0.02,,,,,,
0.18,,,,,,
0,,,,,,
0,,,,,,
0.04,,,,,,
0.52,,,,,,
0.06,,,,,,
0.39,,,,,,
0,,,,,,
3.64,,,,,,
0.04,,,,,,
0.52,,,,,,
0.01,,,,,,
0.04,,,,,,
0,,,,,,
0.49,,,,,,
0.03,,,,,,
0.53,,,,,,
0.12,,,,,,
0.06,,,,,,
0.06,,,,,,
0.04,,,,,,
0.62,,,,,,
0.03,,,,,,
0.02,,,,,,
0.14,,,,,,
0.17,,,,,,
0.01,,,,,,
0.24,,,,,,
0.32,,,,,,
0.01,,,,,,
0.24,,,,,,
0.25,,,,,,
0.03,,,,,,
0.02,,,,,,
0,,,,,,
0.18,,,,,,
0.53,,,,,,
0.12,,,,,,
0.03,,,,,,
0.01,,,,,,
10.93,,,,,,
0.13,,,,,,
0.34,,,,,,
0.01,,,,,,
0.02,,,,,,
0.33,,,,,,
0.21,,,,,,
0.53,,,,,,
0.03,,,,,,
0.01,,,,,,
0.2,,,,,,
0.72,,,,,,
3.47,,,,,,
0.14,,,,,,
0.07,,,,,,
0.27,,,,,,
0.08,,,,,,
0.03,,,,,,
0.02,,,,,,
0.67,,,,,,
0.01,,,,,,
0.06,,,,,,
0.06,,,,,,
0.09,,,,,,
0.44,,,,,,
0.09,,,,,,
0.2,,,,,,
0.05,,,,,,
9.09,,,,,,
0.03,,,,,,
0.25,,,,,,
0.03,,,,,,
0.03,,,,,,
0.04,,,,,,
0.03,,,,,,
0.12,,,,,,
0,,,,,,
0.01,,,,,,
0.17,,,,,,
0.04,,,,,,
0.12,,,,,,
0.27,,,,,,
0.39,,,,,,
0.93,,,,,,
0.05,,,,,,
0.99,,,,,,
0.13,,,,,,
0.03,,,,,,
0.36,,,,,,
0.12,,,,,,
0.21,,,,,,
0.06,,,,,,
0.03,,,,,,
0.01,,,,,,
0,,,,,,
0.03,,,,,,
0,,,,,,
0.07,,,,,,
0.28,,,,,,
0.46,,,,,,
0.28,,,,,,
0.11,,,,,,
0.92,,,,,,
0.1,,,,,,
0,,,,,,
1.55,,,,,,
0,,,,,,
0.01,,,,,,
0,,,,,,
0.01,,,,,,
0.01,,,,,,
0.78,,,,,,
0.05,,,,,,
0.02,,,,,,
0.3,,,,,,
0.03,,,,,,
0.04,,,,,,
0.02,,,,,,
0.48,,,,,,
0.12,,,,,,
0.62,,,,,,
1.82,,,,,,
0.1,,,,,,
0.17,,,,,,
0.01,,,,,,
0.13,,,,,,
0.1,,,,,,
0.05,,,,,,
0.06,,,,,,
0.08,,,,,,
2.56,,,,,,
0.01,,,,,,
0.08,,,,,,
0.14,,,,,,
0.08,,,,,,
0,,,,,,
0.04,,,,,,
0.08,,,,,,
0.04,,,,,,
0.1,,,,,,
0.69,,,,,,
0.01,,,,,,
0.03,,,,,,
0.06,,,,,,
0.03,,,,,,
0.45,,,,,,
0.18,,,,,,
0.03,,,,,,
0.02,,,,,,
0.05,,,,,,
0.01,,,,,,
0.35,,,,,,
0.03,,,,,,
0.08,,,,,,
0.05,,,,,,
0.73,,,,,,
0,,,,,,
0.09,,,,,,
0.47,,,,,,
0,,,,,,
0.02,,,,,,
0.1,,,,,,
1.05,,,,,,
0.01,,,,,,
0.02,,,,,,
0.02,,,,,,
0.07,,,,,,
3.63,,,,,,
0.02,,,,,,
0.01,,,,,,
0.04,,,,,,
0.04,,,,,,
0.02,,,,,,
0.03,,,,,,
0,,,,,,
0.02,,,,,,
0.15,,,,,,
0.01,,,,,,
0.01,,,,,,
0,,,,,,
0.77,,,,,,
2.12,,,,,,
0,,,,,,
0,,,,,,
0.01,,,,,,
0,,,,,,
0.06,,,,,,
1.37,,,,,,
0.02,,,,,,
0.21,,,,,,
0.01,,,,,,
0.14,,,,,,
0.02,,,,,,
0.2,,,,,,
0.04,,,,,,
0.05,,,,,,
0.32,,,,,,
1.18,,,,,,
0.01,,,,,,
0.03,,,,,,
0.1,,,,,,
0,,,,,,
0.04,,,,,,
0.01,,,,,,
0.02,,,,,,
0.05,,,,,,
2.81,,,,,,
0.39,,,,,,
0.05,,,,,,
0.01,,,,,,
0.37,,,,,,
0.29,,,,,,
2.1,,,,,,
0.91,,,,,,
0.02,,,,,,
0.06,,,,,,
0.32,,,,,,
0.44,,,,,,
0,,,,,,
0.06,,,,,,
0.03,,,,,,
0.16,,,,,,
0.01,,,,,,
0.07,,,,,,
0.19,,,,,,
0,,,,,,
0.01,,,,,,
1.32,,,,,,
0.04,,,,,,
0.16,,,,,,
0.02,,,,,,
1.68,,,,,,
0.04,,,,,,
0.07,,,,,,
0,,,,,,
0.04,,,,,,
0.15,,,,,,
0.05,,,,,,
0.36,,,,,,
0.02,,,,,,
0.03,,,,,,
0.13,,,,,,
0,,,,,,
0.03,,,,,,
0.17,,,,,,
0.22,,,,,,
0.01,,,,,,
0.37,,,,,,
0.32,,,,,,
0.7,,,,,,
0.66,,,,,,
0.07,,,,,,
0.08,,,,,,
0.01,,,,,,
0.22,,,,,,
0.11,,,,,,
0,,,,,,
0.39,,,,,,
0,,,,,,
0.01,,,,,,
3.14,,,,,,
0.31,,,,,,
0,,,,,,
0.21,,,,,,
1.04,,,,,,
0,,,,,,
0.01,,,,,,
0.01,,,,,,
0.13,,,,,,
0.24,,,,,,
0.61,,,,,,
0,,,,,,
0.23,,,,,,
0.22,,,,,,
0.01,,,,,,
0.34,,,,,,
1.09,,,,,,
0.02,,,,,,
0.12,,,,,,
0.03,,,,,,
0.02,,,,,,
0,,,,,,
0.04,,,,,,
0,,,,,,
0.16,,,,,,
0.03,,,,,,
0,,,,,,
0.22,,,,,,
0.02,,,,,,
0.01,,,,,,
0.03,,,,,,
0.02,,,,,,
0.39,,,,,,
0.03,,,,,,
0,,,,,,
0,,,,,,
0.02,,,,,,
0.57,,,,,,
0.01,,,,,,
0,,,,,,
0,,,,,,
0,,,,,,
0.07,,,,,,
0.03,,,,,,
0.02,,,,,,
0.03,,,,,,
0.01,,,,,,
0,,,,,,
0.17,,,,,,
0.81,,,,,,
0,,,,,,
0,,,,,,
0.6,,,,,,
0.11,,,,,,
0.22,,,,,,
0.07,,,,,,
0.02,,,,,,
0.14,,,,,,
0.4,,,,,,
0.05,,,,,,
0.5,,,,,,
0.47,,,,,,
0.03,,,,,,
0.07,,,,,,
0.26,,,,,,
0.13,,,,,,
0.03,,,,,,
0.03,,,,,,
0.02,,,,,,
0.1,,,,,,
0,,,,,,
0.04,,,,,,
0,,,,,,
0.02,,,,,,
0,,,,,,
0.07,,,,,,
0.16,,,,,,
1.01,,,,,,
0.19,,,,,,
0.03,,,,,,
0.03,,,,,,
0.43,,,,,,
0.13,,,,,,
0.09,,,,,,
0,,,,,,
0.01,,,,,,
2.24,,,,,,
0,,,,,,
0.01,,,,,,
0.2,,,,,,
0.18,,,,,,
0,,,,,,
0,,,,,,
0.05,,,,,,
0.1,,,,,,
0,,,,,,
0.49,,,,,,
0.08,,,,,,
0.15,,,,,,
0,,,,,,
0.04,,,,,,
0.06,,,,,,
0.14,,,,,,
0.08,,,,,,
0.57,,,,,,
0.02,,,,,,
0.11,,,,,,
1.67,,,,,,
0.01,,,,,,
0.02,,,,,,
0.01,,,,,,
0.09,,,,,,
0.07,,,,,,
0.02,,,,,,
0.03,,,,,,
0.21,,,,,,
0.08,,,,,,
0,,,,,,
0.23,,,,,,
0.05,,,,,,
0.07,,,,,,
0.29,,,,,,
0.03,,,,,,
0,,,,,,
0.05,,,,,,
0.02,,,,,,
0,,,,,,
1.24,,,,,,
0.01,,,,,,
0.06,,,,,,
0.76,,,,,,
0.06,,,,,,
0.03,,,,,,
0.04,,,,,,
0.02,,,,,,
0.02,,,,,,
0.21,,,,,,
0.16,,,,,,
0.08,,,,,,
0.04,,,,,,
0.05,,,,,,
0.02,,,,,,
0.03,,,,,,
0.1,,,,,,
0.13,,,,,,
0.04,,,,,,
0.34,,,,,,
0,,,,,,
0,,,,,,
0.01,,,,,,
0.03,,,,,,
0.01,,,,,,
0.05,,,,,,
0.03,,,,,,
0.03,,,,,,
0,,,,,,
0.01,,,,,,
0,,,,,,
0,,,,,,
2.05,,,,,,
0.02,,,,,,
0,,,,,,
0.12,,,,,,
0.02,,,,,,
0.02,,,,,,
0.15,,,,,,
0.06,,,,,,
1.47,,,,,,
0.88,,,,,,
0.12,,,,,,
0.07,,,,,,
0.05,,,,,,
0.04,,,,,,
0.08,,,,,,
0.14,,,,,,
0.02,,,,,,
0.15,,,,,,
0.14,,,,,,
0.58,,,,,,
0.22,,,,,,
0.11,,,,,,
0.06,,,,,,
0,,,,,,
0.46,,,,,,
0,,,,,,
0.06,,,,,,
0.02,,,,,,
0.11,,,,,,
0.06,,,,,,
0.01,,,,,,
0.02,,,,,,
0,,,,,,
0.83,,,,,,
0.08,,,,,,
0.02,,,,,,
1.08,,,,,,
0.06,,,,,,
0.05,,,,,,
0.03,,,,,,
0.02,,,,,,
0.03,,,,,,
0.09,,,,,,
0.51,,,,,,
0.35,,,,,,
0.66,,,,,,
0.08,,,,,,
0.01,,,,,,
0.28,,,,,,
0,,,,,,
0.05,,,,,,
0.8,,,,,,
0.19,,,,,,
1.12,,,,,,
0.07,,,,,,
0.08,,,,,,
0.01,,,,,,
0,,,,,,
0,,,,,,
0.05,,,,,,
0,,,,,,
0.02,,,,,,
0.43,,,,,,
0.65,,,,,,
0.01,,,,,,
0.09,,,,,,
6.21,,,,,,
0.04,,,,,,
0.09,,,,,,
0.14,,,,,,
0.01,,,,,,
0.07,,,,,,
0.01,,,,,,
0.03,,,,,,
0.01,,,,,,
0.01,,,,,,
0.01,,,,,,
0.15,,,,,,
0.25,,,,,,
0.06,,,,,,
0.3,,,,,,
0.17,,,,,,
0.21,,,,,,
0.04,,,,,,
0.28,,,,,,
0.13,,,,,,
0.26,,,,,,
0.44,,,,,,
0.08,,,,,,
0.11,,,,,,
0.52,,,,,,
0.44,,,,,,
0.4,,,,,,
0.15,,,,,,
0.27,,,,,,
0,,,,,,
0,,,,,,
0.51,,,,,,
0.1,,,,,,
0.02,,,,,,
0.32,,,,,,
0.09,,,,,,
0.05,,,,,,
0.15,,,,,,
0.08,,,,,,
0.02,,,,,,
0.24,,,,,,
0,,,,,,
0.01,,,,,,
0.16,,,,,,
0.49,,,,,,
0.3,,,,,,
0.01,,,,,,
0.29,,,,,,
0.11,,,,,,
0.06,,,,,,
0,,,,,,
0.1,,,,,,
0.06,,,,,,
0.01,,,,,,
0.33,,,,,,
0.26,,,,,,
0,,,,,,
0.04,,,,,,
0.16,,,,,,
0.37,,,,,,
0.01,,,,,,
0,,,,,,
0.03,,,,,,
2.16,,,,,,
0.12,,,,,,
0.04,,,,,,
0.17,,,,,,
0.02,,,,,,
0.07,,,,,,
0.09,,,,,,
0.02,,,,,,
0.02,,,,,,
0.14,,,,,,
0.03,,,,,,
0.02,,,,,,
0.06,,,,,,
0,,,,,,
0.29,,,,,,
0,,,,,,
0.11,,,,,,
0.64,,,,,,
0.02,,,,,,
0.05,,,,,,
0.01,,,,,,
0.02,,,,,,
0.04,,,,,,
0.31,,,,,,
0.48,,,,,,
0.21,,,,,,
0.14,,,,,,
0.01,,,,,,
0,,,,,,
0.09,,,,,,
0,,,,,,
0,,,,,,
0.14,,,,,,
0.03,,,,,,
0.18,,,,,,
1.32,,,,,,
0.26,,,,,,
0.08,,,,,,
0,,,,,,
0.29,,,,,,
0.15,,,,,,
0.02,,,,,,
1.79,,,,,,
0,,,,,,
0.29,,,,,,
0.03,,,,,,
0.47,,,,,,
0.1,,,,,,
0.09,,,,,,
0.03,,,,,,
0.27,,,,,,
0.14,,,,,,
0.05,,,,,,
0.07,,,,,,
0.05,,,,,,
0.01,,,,,,
0.03,,,,,,
0.03,,,,,,
0,,,,,,
1.91,,,,,,
0.11,,,,,,
0.01,,,,,,
0.45,,,,,,
0,,,,,,
0,,,,,,
0.02,,,,,,
0.01,,,,,,
0.09,,,,,,
0.32,,,,,,
0,,,,,,
0.02,,,,,,
0,,,,,,
0.22,,,,,,
0,,,,,,
0.15,,,,,,
1.85,,,,,,
0.29,,,,,,
9.14,,,,,,
0.07,,,,,,
0.81,,,,,,
6.94,,,,,,
0.04,,,,,,
0.65,,,,,,
0.06,,,,,,
0.08,,,,,,
0.46,,,,,,
0.15,,,,,,
1.17,,,,,,
0.01,,,,,,
0.3,,,,,,
0.02,,,,,,
0.13,,,,,,
0,,,,,,
0.15,,,,,,
0.04,,,,,,
0.1,,,,,,
0.02,,,,,,
0.03,,,,,,
0.16,,,,,,
0,,,,,,
0.2,,,,,,
0.14,,,,,,
0,,,,,,
0.49,,,,,,
0.24,,,,,,
0.05,,,,,,
0.03,,,,,,
0.19,,,,,,
0.2,,,,,,
0.09,,,,,,
0.11,,,,,,
0.04,,,,,,
0.09,,,,,,
0.01,,,,,,
0,,,,,,
0.14,,,,,,
0,,,,,,
0,,,,,,
0.36,,,,,,
0.07,,,,,,
0.2,,,,,,
0.04,,,,,,
0,,,,,,
1.18,,,,,,
2.83,,,,,,
0.04,,,,,,
0.24,,,,,,
0.09,,,,,,
0.01,,,,,,
1.69,,,,,,
0,,,,,,
0.05,,,,,,
0.24,,,,,,
0,,,,,,
0.01,,,,,,
0.18,,,,,,
0.06,,,,,,
0,,,,,,
0.03,,,,,,
0.09,,,,,,
0.02,,,,,,
0.05,,,,,,
0.01,,,,,,
0.2,,,,,,
0.5,,,,,,
0.21,,,,,,
0,,,,,,
0,,,,,,
0.03,,,,,,
0.03,,,,,,
0.01,,,,,,
0.86,,,,,,
0,,,,,,
0,,,,,,
0.05,,,,,,
0.03,,,,,,
0.6,,,,,,
0.05,,,,,,
5.01,,,,,,
0.69,,,,,,
0.85,,,,,,
0.14,,,,,,
0,,,,,,
0.07,,,,,,
0,,,,,,
0.1,,,,,,
0,,,,,,
0.02,,,,,,
0.04,,,,,,
0.1,,,,,,
0.04,,,,,,
0.16,,,,,,
0.04,,,,,,
0.05,,,,,,
0.11,,,,,,
0,,,,,,
0.03,,,,,,
0.2,,,,,,
0.41,,,,,,
0.01,,,,,,
0.31,,,,,,
0,,,,,,
0.11,,,,,,
0.08,,,,,,
0.94,,,,,,
0.02,,,,,,
0.13,,,,,,
0.03,,,,,,
0.05,,,,,,
0,,,,,,
0,,,,,,
0.02,,,,,,
0.04,,,,,,
0.04,,,,,,
0.68,,,,,,
0.07,,,,,,
0.49,,,,,,
0.04,,,,,,
0.25,,,,,,
0.07,,,,,,
1.05,,,,,,
0.45,,,,,,
0.01,,,,,,
0.06,,,,,,
0.02,,,,,,
0.01,,,,,,
0.69,,,,,,
0.25,,,,,,
0.04,,,,,,
0.04,,,,,,
0.08,,,,,,
0.13,,,,,,
0.04,,,,,,
0.07,,,,,,
0.17,,,,,,
0.03,,,,,,
0.14,,,,,,
0.19,,,,,,
0.15,,,,,,
0,,,,,,
0.11,,,,,,
1.41,,,,,,
0.03,,,,,,
0.14,,,,,,
0.22,,,,,,
0.01,,,,,,
0.05,,,,,,
0.03,,,,,,
0.04,,,,,,
0.05,,,,,,
0.06,,,,,,
0.08,,,,,,
0.18,,,,,,
0.1,,,,,,
0.15,,,,,,
0.16,,,,,,
0.37,,,,,,
0.53,,,,,,
0,,,,,,
0.24,,,,,,
0.06,,,,,,
0.02,,,,,,
0.03,,,,,,
0,,,,,,
0.51,,,,,,
0.11,,,,,,
0,,,,,,
0.02,,,,,,
0.05,,,,,,
0.22,,,,,,
0.02,,,,,,
0.04,,,,,,
1.11,,,,,,
0.81,,,,,,
0.32,,,,,,
0.4,,,,,,
0.07,,,,,,
0.01,,,,,,
0.53,,,,,,
0.12,,,,,,
0,,,,,,
0.7,,,,,,
1.13,,,,,,
0.04,,,,,,
0.1,,,,,,
0.23,,,,,,
0.14,,,,,,
0.03,,,,,,
0.01,,,,,,
0.02,,,,,,
0.03,,,,,,
0.63,,,,,,
0.04,,,,,,
0.01,,,,,,
0.21,,,,,,
0.01,,,,,,
0,,,,,,
0.04,,,,,,
0.09,,,,,,
0.01,,,,,,
0.42,,,,,,
0,,,,,,
0.32,,,,,,
0.11,,,,,,
0.03,,,,,,
0.06,,,,,,
0.13,,,,,,
0.81,,,,,,
0.63,,,,,,
0.01,,,,,,
0,,,,,,
0.29,,,,,,
0.02,,,,,,
0.03,,,,,,
0.07,,,,,,
0.07,,,,,,
0.08,,,,,,
0,,,,,,
0.03,,,,,,
0,,,,,,
0.02,,,,,,
1.7,,,,,,
0.22,,,,,,
0.02,,,,,,
0.03,,,,,,
0.21,,,,,,
0.02,,,,,,
0,,,,,,
0,,,,,,
0.69,,,,,,
0.01,,,,,,
8.49,,,,,,
0.02,,,,,,
0.27,,,,,,
0.02,,,,,,
1.42,,,,,,
0.02,,,,,,
0.03,,,,,,
0.02,,,,,,
0.18,,,,,,
0.22,,,,,,
0.73,,,,,,
0.03,,,,,,
0.15,,,,,,
0.05,,,,,,
0.03,,,,,,
0.13,,,,,,
0.04,,,,,,
0,,,,,,
0.05,,,,,,
0.16,,,,,,
1.38,,,,,,
0.16,,,,,,
0.04,,,,,,
0.01,,,,,,
0.01,,,,,,
0.43,,,,,,
0.01,,,,,,
0.04,,,,,,
0.52,,,,,,
0.21,,,,,,
0.22,,,,,,
0,,,,,,
0.02,,,,,,
0.16,,,,,,
0.37,,,,,,
0,,,,,,
0.1,,,,,,
0,,,,,,
0.12,,,,,,
0.1,,,,,,
0.03,,,,,,
0.13,,,,,,
0.02,,,,,,
0,,,,,,
0.02,,,,,,
0,,,,,,
0.49,,,,,,
0.11,,,,,,
0.01,,,,,,
0,,,,,,
0.11,,,,,,
0,,,,,,
0,,,,,,
0.01,,,,,,
0,,,,,,
0.19,,,,,,
0.15,,,,,,
0.06,,,,,,
0.05,,,,,,
0.03,,,,,,
0,,,,,,
0.01,,,,,,
0,,,,,,
0.27,,,,,,
2.16,,,,,,
0.02,,,,,,
0,,,,,,
0.44,,,,,,
0.37,,,,,,
0.02,,,,,,
0.42,,,,,,
0.4,,,,,,
0.68,,,,,,
0.09,,,,,,
0.2,,,,,,
0.11,,,,,,
0.2,,,,,,
0.19,,,,,,
0.43,,,,,,
0.01,,,,,,
0.15,,,,,,
0.01,,,,,,
0,,,,,,
0.1,,,,,,
0.02,,,,,,
0.01,,,,,,
0,,,,,,
0.07,,,,,,
0.06,,,,,,
0.06,,,,,,
0,,,,,,
0,,,,,,
1.02,,,,,,
0.06,,,,,,
0.21,,,,,,
0.02,,,,,,
0.13,,,,,,
0.27,,,,,,
0.06,,,,,,
0.03,,,,,,
0.16,,,,,,
0.4,,,,,,
0.52,,,,,,
0.06,,,,,,
0.85,,,,,,
0.21,,,,,,
0.25,,,,,,
0.04,,,,,,
0.17,,,,,,
0.39,,,,,,
0.03,,,,,,
0.05,,,,,,
0.15,,,,,,
0.03,,,,,,
0.08,,,,,,
0.51,,,,,,
0.15,,,,,,
0.12,,,,,,
0.22,,,,,,
0.03,,,,,,
0.02,,,,,,
0,,,,,,
0.02,,,,,,
0.42,,,,,,
0.15,,,,,,
0.19,,,,,,
0.03,,,,,,
0.41,,,,,,
0.02,,,,,,
0.07,,,,,,
0.02,,,,,,
0.01,,,,,,
0,,,,,,
0,,,,,,
0.07,,,,,,
0.01,,,,,,
0.04,,,,,,
0.03,,,,,,
0.15,,,,,,
0.48,,,,,,
0.03,,,,,,
0.29,,,,,,
0.04,,,,,,
0.04,,,,,,
0.02,,,,,,
0.15,,,,,,
0.02,,,,,,
0.07,,,,,,
0.05,,,,,,
0.01,,,,,,
0.01,,,,,,
0.09,,,,,,
0.01,,,,,,
0,,,,,,
0.5,,,,,,
0.15,,,,,,
0.19,,,,,,
0,,,,,,
0.12,,,,,,
1.79,,,,,,
0.07,,,,,,
0.02,,,,,,
0.06,,,,,,
0.38,,,,,,
0.04,,,,,,
0.04,,,,,,
0.73,,,,,,
0.08,,,,,,
0.01,,,,,,
0.01,,,,,,
0.05,,,,,,
0.13,,,,,,
0.01,,,,,,
0.02,,,,,,
0,,,,,,
0.09,,,,,,
0.13,,,,,,
0.07,,,,,,
0,,,,,,
0.22,,,,,,
0.02,,,,,,
0.03,,,,,,
0.28,,,,,,
0.08,,,,,,
0.44,,,,,,
0.16,,,,,,
0.08,,,,,,
0.01,,,,,,
0.02,,,,,,
0.11,,,,,,
1.08,,,,,,
0.39,,,,,,
0.13,,,,,,
0.37,,,,,,
0.12,,,,,,
0.03,,,,,,
0.24,,,,,,
0.03,,,,,,
0.57,,,,,,
0.07,,,,,,
0,,,,,,
0.56,,,,,,
1.9,,,,,,
0.85,,,,,,
0.13,,,,,,
0.33,,,,,,
0.01,,,,,,
0.17,,,,,,
0.07,,,,,,
0.01,,,,,,
0.25,,,,,,
0.69,,,,,,
0.25,,,,,,
0.06,,,,,,
0.13,,,,,,
0.03,,,,,,
0.03,,,,,,
0.01,,,,,,
0.02,,,,,,
0.39,,,,,,
0.08,,,,,,
0.02,,,,,,
0,,,,,,
0.02,,,,,,
0.01,,,,,,
0,,,,,,
0.16,,,,,,
0.03,,,,,,
0.08,,,,,,
0.32,,,,,,
0.03,,,,,,
0.03,,,,,,
0,,,,,,
0,,,,,,
0.32,,,,,,
0,,,,,,
0.21,,,,,,
0.03,,,,,,
0.01,,,,,,
0.7,,,,,,
0.01,,,,,,
0.1,,,,,,
0.1,,,,,,
0.44,,,,,,
0.16,,,,,,
0.01,,,,,,
0.02,,,,,,
0.18,,,,,,
0.09,,,,,,
0.12,,,,,,
0,,,,,,
0,,,,,,
0.01,,,,,,
0.19,,,,,,
0.12,,,,,,
0.02,,,,,,
0.02,,,,,,
0.16,,,,,,
0.06,,,,,,
0.1,,,,,,
0.23,,,,,,
0.13,,,,,,
0.02,,,,,,
0.01,,,,,,
0.1,,,,,,
0,,,,,,
0.01,,,,,,
0.34,,,,,,
0.02,,,,,,
0.09,,,,,,
0,,,,,,
0.01,,,,,,
0.04,,,,,,
0.12,,,,,,
0.16,,,,,,
0.01,,,,,,
0.06,,,,,,
0.2,,,,,,
0.04,,,,,,
0.15,,,,,,
0.09,,,,,,
0.74,,,,,,
0.24,,,,,,
0,,,,,,
0.03,,,,,,
0.04,,,,,,
0,,,,,,
0.05,,,,,,
0,,,,,,
0.15,,,,,,
0.58,,,,,,
0.02,,,,,,
0.02,,,,,,
0.15,,,,,,
1.02,,,,,,
0.04,,,,,,
0.84,,,,,,
0.19,,,,,,
0.47,,,,,,
0.11,,,,,,
0.37,,,,,,
0.15,,,,,,
0.02,,,,,,
0.55,,,,,,
0.46,,,,,,
0.02,,,,,,
0,,,,,,
0.02,,,,,,
0.01,,,,,,
0.01,,,,,,
0.51,,,,,,
1.64,,,,,,
0.08,,,,,,
0,,,,,,
0.02,,,,,,
0.01,,,,,,
0.59,,,,,,
0.06,,,,,,
0,,,,,,
0.04,,,,,,
0.35,,,,,,
0.39,,,,,,
0.05,,,,,,
0,,,,,,
0,,,,,,
9.18,,,,,,
0.03,,,,,,
0,,,,,,
0.07,,,,,,
0.1,,,,,,
0.45,,,,,,
0.01,,,,,,
0.12,,,,,,
0.05,,,,,,
0.1,,,,,,
0.28,,,,,,
0.03,,,,,,
0.37,,,,,,
0.03,,,,,,
0.93,,,,,,
0.05,,,,,,
0.11,,,,,,
0.09,,,,,,
0.37,,,,,,
0.19,,,,,,
0.17,,,,,,
0.05,,,,,,
0.03,,,,,,
0.02,,,,,,
0.29,,,,,,
0.04,,,,,,
0.56,,,,,,
0.13,,,,,,
0.01,,,,,,
0.05,,,,,,
0.2,,,,,,
0.07,,,,,,
0.05,,,,,,
0.03,,,,,,
0.07,,,,,,
0.01,,,,,,
0.31,,,,,,
0.19,,,,,,
0.07,,,,,,
0,,,,,,
0.04,,,,,,
0.93,,,,,,
0.01,,,,,,
0,,,,,,
0.02,,,,,,
0.04,,,,,,
0.14,,,,,,
0.8,,,,,,
0,,,,,,
0.03,,,,,,
0.04,,,,,,
1.27,,,,,,
0.07,,,,,,
0.19,,,,,,
0.17,,,,,,
0.01,,,,,,
0.06,,,,,,
0.06,,,,,,
0.16,,,,,,
0,,,,,,
0,,,,,,
0.88,,,,,,
0.01,,,,,,
0.27,,,,,,
0.1,,,,,,
1.55,,,,,,
0.04,,,,,,
0.01,,,,,,
0.01,,,,,,
0.01,,,,,,
0.13,,,,,,
0.47,,,,,,
0.01,,,,,,
2.3,,,,,,
0.4,,,,,,
0.01,,,,,,
0.27,,,,,,
0.02,,,,,,
0.43,,,,,,
0.04,,,,,,
1,,,,,,
0.11,,,,,,
0.02,,,,,,
0.6,,,,,,
0.02,,,,,,
0,,,,,,
0.18,,,,,,
0,,,,,,
0.63,,,,,,
0.18,,,,,,
0.15,,,,,,
0.66,,,,,,
5.09,,,,,,
0.15,,,,,,
0.01,,,,,,
0.02,,,,,,
0,,,,,,
0.49,,,,,,
0.09,,,,,,
0.01,,,,,,
0,,,,,,
0.5,,,,,,
0.02,,,,,,
0.03,,,,,,
1.01,,,,,,
0.03,,,,,,
0.07,,,,,,
0.02,,,,,,
0.12,,,,,,
0.88,,,,,,
0.2,,,,,,
0,,,,,,
0.02,,,,,,
0.28,,,,,,
0.55,,,,,,
0.14,,,,,,
0.07,,,,,,
0.37,,,,,,
0,,,,,,
0.05,,,,,,
0.01,,,,,,
0.03,,,,,,
0,,,,,,
0.36,,,,,,
0.03,,,,,,
0.03,,,,,,
0.01,,,,,,
0.27,,,,,,
0.06,,,,,,
0.01,,,,,,
0.46,,,,,,
0.01,,,,,,
0,,,,,,
0.99,,,,,,
0,,,,,,
0.06,,,,,,
0.55,,,,,,
0.01,,,,,,
0.04,,,,,,
0,,,,,,
0.05,,,,,,
0.04,,,,,,
0.05,,,,,,
0.01,,,,,,
0.33,,,,,,
0.05,,,,,,
0.21,,,,,,
1.88,,,,,,
0,,,,,,
0.12,,,,,,
0.13,,,,,,
0.93,,,,,,
0.06,,,,,,
0.09,,,,,,
0.11,,,,,,
0.02,,,,,,
0.49,,,,,,
0.07,,,,,,
0.01,,,,,,
0.13,,,,,,
0.37,,,,,,
0.08,,,,,,
0.01,,,,,,
0.02,,,,,,
0.06,,,,,,
0.74,,,,,,
0.15,,,,,,
0.17,,,,,,
0.1,,,,,,
0.18,,,,,,
0.04,,,,,,
0.01,,,,,,
0.01,,,,,,
0,,,,,,
0.01,,,,,,
0,,,,,,
0.03,,,,,,
0.1,,,,,,
0,,,,,,
0.08,,,,,,
0.01,,,,,,
0.76,,,,,,
0.02,,,,,,
0.01,,,,,,
0.04,,,,,,
1.27,,,,,,
0,,,,,,
0.11,,,,,,
0.04,,,,,,
0.02,,,,,,
0,,,,,,
0.01,,,,,,
0.03,,,,,,
0.03,,,,,,
0.01,,,,,,
0.21,,,,,,
0.01,,,,,,
0.13,,,,,,
0.07,,,,,,
0.4,,,,,,
0.22,,,,,,
0.37,,,,,,
0.02,,,,,,
0.11,,,,,,
1.72,,,,,,
0,,,,,,
0.44,,,,,,
0.36,,,,,,
0.02,,,,,,
0.01,,,,,,
0.22,,,,,,
0.45,,,,,,
0.04,,,,,,
0.02,,,,,,
0.02,,,,,,
0.02,,,,,,
0.58,,,,,,
0.01,,,,,,
0.27,,,,,,
0.01,,,,,,
0.05,,,,,,
0.14,,,,,,
2.15,,,,,,
0,,,,,,
0.11,,,,,,
0.07,,,,,,
0.5,,,,,,
0.01,,,,,,
0.04,,,,,,
0.1,,,,,,
1.9,,,,,,
0,,,,,,
0,,,,,,
0,,,,,,
0,,,,,,
0.01,,,,,,
0.03,,,,,,
0.16,,,,,,
0.25,,,,,,
0,,,,,,
0.02,,,,,,
0.03,,,,,,
0.06,,,,,,
0.01,,,,,,
0,,,,,,
0.54,,,,,,
0,,,,,,
0,,,,,,
0.03,,,,,,
0.08,,,,,,
0.11,,,,,,
0,,,,,,
0.01,,,,,,
0.2,,,,,,
0.09,,,,,,
0.26,,,,,,
0.06,,,,,,
0.1,,,,,,
0.42,,,,,,
0.04,,,,,,
0.02,,,,,,
0.02,,,,,,
0.18,,,,,,
0.08,,,,,,
0.05,,,,,,
0.01,,,,,,
0.01,,,,,,
0.04,,,,,,
0.09,,,,,,
0.12,,,,,,
0.2,,,,,,
0.53,,,,,,
0,,,,,,
0.02,,,,,,
0.09,,,,,,
0.04,,,,,,
0.03,,,,,,
0.02,,,,,,
0.03,,,,,,
0.58,,,,,,
0.36,,,,,,
0.01,,,,,,
0,,,,,,
0.09,,,,,,
0.01,,,,,,
0.26,,,,,,
0,,,,,,
0.02,,,,,,
0.21,,,,,,
0.07,,,,,,
0.01,,,,,,
0.02,,,,,,
0.2,,,,,,
0.01,,,,,,
0,,,,,,
0,,,,,,
0,,,,,,
0.02,,,,,,
0.05,,,,,,
0.01,,,,,,
0.03,,,,,,
0.13,,,,,,
0.05,,,,,,
0.11,,,,,,
0,,,,,,
0.09,,,,,,
0.05,,,,,,
0.14,,,,,,
0.08,,,,,,
0.46,,,,,,
0.02,,,,,,
0.14,,,,,,
0.03,,,,,,
0.01,,,,,,
0.43,,,,,,
0.01,,,,,,
0.02,,,,,,
0.17,,,,,,
0,,,,,,
0.02,,,,,,
0.02,,,,,,
0.66,,,,,,
0.14,,,,,,
0.56,,,,,,
0.33,,,,,,
0,,,,,,
0,,,,,,
2.13,,,,,,
0,,,,,,
0.37,,,,,,
0.11,,,,,,
0.2,,,,,,
0.44,,,,,,
0,,,,,,
0.12,,,,,,
0.03,,,,,,
0.06,,,,,,
0.46,,,,,,
0.09,,,,,,
0.04,,,,,,
0.19,,,,,,
0.02,,,,,,
0.64,,,,,,
0.01,,,,,,
0.1,,,,,,
0.19,,,,,,
0.06,,,,,,
0.07,,,,,,
0.01,,,,,,
0.01,,,,,,
1.27,,,,,,
0,,,,,,
0.13,,,,,,
0,,,,,,
0.21,,,,,,
0.1,,,,,,
0.02,,,,,,
0.04,,,,,,
0.02,,,,,,
0.03,,,,,,
0.05,,,,,,
0.93,,,,,,
0.03,,,,,,
0.01,,,,,,
0.46,,,,,,
0.18,,,,,,
0.16,,,,,,
0.02,,,,,,
0.01,,,,,,
0.04,,,,,,
1.88,,,,,,
0.01,,,,,,
0.08,,,,,,
0,,,,,,
0.02,,,,,,
0.51,,,,,,
0.02,,,,,,
0.03,,,,,,
0.01,,,,,,
0.05,,,,,,
0.03,,,,,,
0.69,,,,,,
0.54,,,,,,
0.04,,,,,,
0,,,,,,
0.13,,,,,,
0.42,,,,,,
0.03,,,,,,
0.05,,,,,,
0.08,,,,,,
0.02,,,,,,
0.01,,,,,,
0.37,,,,,,
0.33,,,,,,
0.04,,,,,,
1.11,,,,,,
0.06,,,,,,
0.02,,,,,,
0.01,,,,,,
0,,,,,,
0.09,,,,,,
0.04,,,,,,
0.02,,,,,,
0.13,,,,,,
0.35,,,,,,
0.01,,,,,,
0.04,,,,,,
0.3,,,,,,
0.15,,,,,,
0.07,,,,,,
0.01,,,,,,
3,,,,,,
0.09,,,,,,
0.78,,,,,,
0.1,,,,,,
0.17,,,,,,
0.02,,,,,,
0,,,,,,
0.15,,,,,,
0.1,,,,,,
0.01,,,,,,
0.23,,,,,,
1.22,,,,,,
0.02,,,,,,
0,,,,,,
0.93,,,,,,
0.34,,,,,,
0.04,,,,,,
0.03,,,,,,
0.09,,,,,,
0.01,,,,,,
1.01,,,,,,
0.09,,,,,,
0.12,,,,,,
0.09,,,,,,
0.3,,,,,,
0.34,,,,,,
0.03,,,,,,
0.06,,,,,,
0.22,,,,,,
0.06,,,,,,
2.55,,,,,,
0.69,,,,,,
0.49,,,,,,
0.07,,,,,,
0.34,,,,,,
0.19,,,,,,
0.23,,,,,,
0.77,,,,,,
0.17,,,,,,
0.01,,,,,,
0.01,,,,,,
0.04,,,,,,
0.12,,,,,,
0.06,,,,,,
0.04,,,,,,
0.01,,,,,,
0.01,,,,,,
0.03,,,,,,
0.19,,,,,,
0.02,,,,,,
0.1,,,,,,
0.09,,,,,,
0.14,,,,,,
0.75,,,,,,
0.16,,,,,,
0.07,,,,,,
0.05,,,,,,
0.04,,,,,,
0.02,,,,,,
0.04,,,,,,
0.05,,,,,,
0.99,,,,,,
0.04,,,,,,
0.03,,,,,,
0.2,,,,,,
0,,,,,,
0,,,,,,
0,,,,,,
0.01,,,,,,
0.33,,,,,,
